CUSTOMER_ID,ORDER_ID,item1,item2,item3,RECOMMENDATION 1,RECOMMENDATION 2,RECOMMENDATION 3
997177535,9351345556,Chicken Sub Combo,Ranch Dip - Regular,10 pc Spicy Wings Combo,Digital,WWT,ToGo
345593831,3595377080,Regular Buffalo Fries,10 pc Spicy Wings,3 pc Crispy Strips Combo,Digital,WWT,ToGo
160955031,4071757785,Large Buffalo Fries,10 pc Spicy Wings,Ranch Dip - Regular,Digital,WWT,ToGo
890671991,3931766769,6 pc Grilled Wings Combo,20 pc Grilled Wings,Fried Corn - Large,Digital,WWT,ToGo
73989021,3739700809,Regular Buffalo Fries,20 pc Grilled Wings,Ranch Dip - Large,Digital,WWT,ToGo
965629024,1160484742,3 pc Crispy Strips Combo,Chicken Sub Combo,Chicken Sub,Digital,WWT,ToGo
554043002,3507129215,10 pc Spicy Wings,Ranch Dip - Regular,Veggie Sticks Spicy,Digital,WWT,ToGo
908406400,2494847505,Ranch Dip - Regular,Add 5 Spicy Wings,8 pc Spicy Wings Combo,Digital,WWT,ToGo
680349080,9679605865,Fried Corn - Regular,Chicken Sub,Ranch Dip - Regular,Digital,WWT,ToGo
123249698,8053157007,20 pc Grilled Wings,Ranch Dip - Regular,Regular Buffalo Fries,Digital,WWT,ToGo
847896994,1472986083,8 pc Spicy Wings Combo,8 pc Grilled Wings Combo,Chicken Sub Combo,Digital,WWT,ToGo
92774953,5119671888,15 pc Spicy Wings Combo,5 pc Crispy Strips Combo,Voodoo Fries - Regular,Digital,WWT,ToGo
496794905,71920208,2 pc Crispy Strips,6 pc Grilled Wings Combo,10 pc Spicy Wings,Digital,WWT,ToGo
432013277,6921313413,Ranch Dip - Regular,6 pc Spicy Wings Combo,Fried Corn - Large,Digital,WWT,ToGo
330944162,1458039332,30 pc Family Grilled Wings,2 pc Crispy Strips,Ranch Dip - Regular,Digital,WWT,ToGo
665934240,8599974689,Honey Mustard Dip - Regular,Large Buffalo Fries,Chicken Sub,Digital,WWT,ToGo
390525242,3813306858,3 Strips Lunch,10 pc Grilled Wings,5 pc Crispy Strips Combo,Digital,WWT,ToGo
657511802,6103196605,Add 5 Grilled Wings,8 pc Grilled Wings Combo,20pc Spicy Feast Deal,Digital,WWT,ToGo
488888638,1733472163,10 pc Grilled Wings,10 pc Spicy Wings,Ranch Dip - Regular,Digital,WWT,ToGo
890212956,9115730530,Chicken Sub,Ranch Dip - Regular,10 pc Grilled Wings Combo,Digital,WWT,ToGo
285598610,6675277727,2 pc Crispy Strips,Ranch Dip - Large,10 pc Grilled Wings,Digital,WWT,ToGo
948060334,786744543,Honey Mustard Dip - Regular,20 pc Grilled Wings,Cheese Fries - Large,Digital,WWT,ToGo
560251967,3897845188,20pc Spicy Feast Deal,Ranch Dip - Regular,2 pc Crispy Strips,Digital,WWT,ToGo
985597830,4587042437,Regular Buffalo Fries,20 Oz Soda,Ranch Dip - Regular,Digital,WWT,ToGo
890080832,3772126021,10 pc Spicy Wings,Ranch Dip - Regular,Chicken Sub Combo,Digital,WWT,ToGo
475221027,9876633715,2 pc Crispy Strips,6 pc Mixed Wings Combo,8 pc Grilled Wings Combo,Digital,WWT,ToGo
322821945,5581851889,Voodoo Fries - Regular,Ranch Dip - Regular,Chicken Sub,Digital,WWT,ToGo
577481561,2603279335,4 pc Crispy Strips,15 pc Grilled Wings,Fried Corn - Regular,Digital,WWT,ToGo
27439257,6369834776,Fried Corn - Large,8 pc Spicy Wings Combo,5 pc Crispy Strips Combo,Digital,WWT,ToGo
593885644,8063821668,15 pc Mixed Wings Combo,Triple Chocolate Cake,Chicken Sub,Digital,WWT,ToGo
354914217,2931287031,Ranch Dip - Regular,Add 5 Spicy Wings,10 pc Spicy Wings,Digital,WWT,ToGo
798880002,5434557025,6 pc Spicy Wings Combo,8 pc Grilled Wings Combo,7 pc Crispy Strips,Digital,WWT,ToGo
647112527,8268916448,6 pc Spicy Wings Combo,50 pc Grilled Wings,Ranch Dip - Regular,Digital,WWT,ToGo
607843353,8140769629,Ranch Dip - Regular,10 pc Mixed Wings,Regular Buffalo Fries,Digital,WWT,ToGo
370391246,3474583684,Cheese Fries - Large,20 pc Mixed Wings,Fried Corn - Large,Digital,WWT,ToGo
303385308,3461378541,6 pc Spicy Wings Combo,Ranch Dip - Regular,Regular Buffalo Fries,Digital,WWT,ToGo
240482090,8619245253,Ranch Dip - Large,10 pc Spicy Wings,Fried Corn - Large,Digital,WWT,ToGo
479278166,9425701393,2 pc Crispy Strips,3 pc Crispy Strips Combo,Ranch Dip - Regular,Digital,WWT,ToGo
481060039,9376327890,32 Oz Soda,20pc Spicy Feast Deal,20 Oz Soda,Digital,WWT,ToGo
792223703,4182647480,Ranch Dip - Large,Add 5 Grilled Wings,15 pc Grilled Wings,Digital,WWT,ToGo
197588117,4003611924,10 pc Grilled Wings Combo,Add 5 Spicy Wings,Ranch Dip - Regular,Digital,WWT,ToGo
810719895,9664258299,Large Buffalo Fries,Ranch Dip - Large,Voodoo Fries - Large,Digital,WWT,ToGo
424704673,6513020303,Veggie Sticks Spicy,20pc Spicy Feast Deal,20 Oz Soda,Digital,WWT,ToGo
898392104,3038848982,6 pc Spicy Wings Combo,2 pc Crispy Strips,Large Buffalo Fries,Digital,WWT,ToGo
999339497,8376685289,Chicken Sub Combo,Blue Cheese Dip - Regular,Veggie Sticks Spicy,Digital,WWT,ToGo
671933285,5557489897,Ranch Dip - Regular,2 pc Crispy Strips,10 pc Grilled Wings,Digital,WWT,ToGo
483400502,5074642260,10 pc Mixed Wings Combo,15 pc Grilled Wings,Ranch Dip - Regular,Digital,WWT,ToGo
556772768,8463957236,2 pc Crispy Strips,32 Oz Soda,10 pc Spicy Wings Combo,Digital,WWT,ToGo
914158493,8529031849,Large Buffalo Fries,15 pc Crispy Strips,Carrot Sticks,Digital,WWT,ToGo
24561343,2360269841,Ranch Dip - Regular,Chicken Sub,Large Buffalo Fries,Digital,WWT,ToGo
271491431,6957515655,Ranch Dip - Large,Regular Buffalo Fries,6 pc Grilled Wings Combo,Digital,WWT,ToGo
766490388,560924059,10 pc Spicy Wings,Regular Buffalo Fries,Fried Corn - Large,Digital,WWT,ToGo
740886021,7557215476,6 pc Grilled Wings Combo,Ranch Dip - Regular,3 pc Crispy Strips Combo,Digital,WWT,ToGo
806107795,7576879386,Chicken Sub,Chicken Sub Combo,10 pc Spicy Wings,Digital,WWT,ToGo
844564898,2024803542,6 pc Strips Meal for 2,5 pc Crispy Strips Combo,Ranch Dip - Large,Digital,WWT,ToGo
903058196,958258271,20 Oz Soda,Regular Buffalo Fries,Chicken Sub Combo,Digital,WWT,ToGo
798400642,1115322441,20pc Spicy Feast Deal,Blue Cheese Dip - Regular,10 pc Spicy Wings,Digital,WWT,ToGo
521638597,8289961904,Ranch Dip - Large,20 pc Grilled Wings,Flavor Platter,Digital,WWT,ToGo
209881945,8903503849,Carrot Sticks,30 pc Spicy Wings,Veggie Sticks,Digital,WWT,ToGo
313686490,4696392549,10 pc Spicy Wings,Regular Buffalo Fries,8 pc Grilled Wings Combo,Digital,WWT,ToGo
92570317,8201462153,Add 5 Grilled Wings,Large Buffalo Fries,8 pc Grilled Wings Combo,Digital,WWT,ToGo
942411970,1106412992,Fried Corn - Large,2 pc Crispy Strips,Flavor Platter,Digital,WWT,ToGo
752479101,6017584435,6 pc Grilled Wings Combo,10 pc Grilled Wings Combo,Fried Corn - Large,Digital,WWT,ToGo
659566615,7561380164,3 pc Crispy Strips Combo,30 pc Family Grilled Wings,15 pc Spicy Wings,Digital,WWT,ToGo
552054707,8313745366,10 pc Spicy Wings,4 pc Crispy Strips,Ranch Dip - Regular,Digital,WWT,ToGo
641732217,7412481937,20 pc Mixed Wings,Voodoo Fries - Regular,Regular Buffalo Fries,Digital,WWT,ToGo
782687122,9404853975,20pc Spicy Feast Deal,Large Buffalo Fries,Ranch Dip - Regular,Digital,WWT,ToGo
711176991,5843303173,20pc Spicy Feast Deal,Fried Corn - Large,Ranch Dip - Large,Digital,WWT,ToGo
113063488,5634013434,Large Veggie Sticks Spicy,50 pc Mixed Wings,Ranch Dip - Large,Digital,WWT,ToGo
148437727,3900783085,10 pc Spicy Wings,Ranch Dip - Regular,20 Oz Soda,Digital,WWT,ToGo
517545136,3607320592,Fried Corn - Large,Ranch Dip - Large,40 pc Family Mixed Wings,Digital,WWT,ToGo
251340705,1580421216,5 pc Crispy Strips Combo,Cheese Fries - Large,15 pc Spicy Wings,Digital,WWT,ToGo
830737958,3428541028,Veggie Sticks Spicy,10 pc Grilled Wings Combo,Fried Corn - Regular,Digital,WWT,ToGo
479488590,2093272018,Cheese Fries - Large,Ranch Dip - Regular,15 pc Grilled Wings,Digital,WWT,ToGo
104316436,5140584474,15 pc Grilled Wings Combo,7 pc Crispy Strips,Fried Corn - Large,Digital,WWT,ToGo
796657195,9182095124,Large Veggie Sticks Spicy,10 pc Grilled Wings Combo,Ranch Dip - Regular,Digital,WWT,ToGo
928737683,9008976760,Flavor Platter,2 pc Crispy Strips,Regular Buffalo Fries,Digital,WWT,ToGo
888121558,2610885654,Ranch Dip - Large,20pc Spicy Feast Deal,Large Veggie Sticks Spicy,Digital,WWT,ToGo
539034370,6556987230,Ranch Dip - Regular,6 pc Grilled Wings Combo,3 pc Crispy Strips Combo,Digital,WWT,ToGo
644139747,6095674121,20 Oz Soda,20pc Spicy Feast Deal,Cheese Dip - Medium,Digital,WWT,ToGo
828846329,8239324284,Regular Buffalo Fries,10 pc Spicy Wings,4 pc Crispy Strips,Digital,WWT,ToGo
882876751,2235489605,Ranch Dip - Regular,Chicken Sub Combo,Chicken Sub,Digital,WWT,ToGo
800353976,420263296,6 pc Grilled Wings Combo,Regular Buffalo Fries,20 pc Grilled Wings,Digital,WWT,ToGo
950142020,2853107028,15 pc Grilled Wings Combo,10 pc Spicy Wings,Regular Buffalo Fries,Digital,WWT,ToGo
167486393,2882485535,6 pc Spicy Wings Combo,Chicken Sub,Ranch Dip - Regular,Digital,WWT,ToGo
997157436,9388852439,6 pc Grilled Wings Combo,Voodoo Fries - Large,Ranch Dip - Regular,Digital,WWT,ToGo
486934836,3663281732,24 pc Family Grilled Wings,Add 5 Spicy Wings,Ranch Dip - Regular,Digital,WWT,ToGo
866406991,3205313571,6 pc Grilled Wings Combo,10 pc Grilled Wings Combo,Ranch Dip - Regular,Digital,WWT,ToGo
804113173,8488904198,Ranch Dip - Regular,15 pc Grilled Wings,7 pc Crispy Strips,Digital,WWT,ToGo
956667181,8833682485,Flavor Platter,8 pc Spicy Wings Combo,Ranch Dip - Large,Digital,WWT,ToGo
201904809,507309741,5 pc Crispy Strips Combo,8 pc Spicy Wings Combo,Carrot Sticks,Digital,WWT,ToGo
805499454,1420458152,Regular Buffalo Fries,Ranch Dip - Regular,10 pc Grilled Wings Combo,Digital,WWT,ToGo
75389782,1400514220,Ranch Dip - Large,10 pc Grilled Wings,Large Buffalo Fries,Digital,WWT,ToGo
110659103,8005800972,Veggie Sticks Spicy,2 pc Crispy Strips,8 pc Grilled Wings Combo,Digital,WWT,ToGo
801915049,9195418958,Ranch Dip - Regular,8 pc Mixed Wings Combo,Chicken Sub Combo,Digital,WWT,ToGo
807524346,7616149255,Chicken Sub Combo,10 pc Grilled Wings Combo,Ranch Dip - Regular,Digital,WWT,ToGo
652586081,4743781689,Fried Corn - Regular,10 pc Spicy Wings,Ranch Dip - Regular,Digital,WWT,ToGo
851583581,5459634450,Ranch Dip - Regular,30 pc Spicy Wings,Cheese Fries - Regular,Digital,WWT,ToGo
628026677,9761469695,30 pc Grilled Wings,Ranch Dip - Large,Large Buffalo Fries,Digital,WWT,ToGo
68440506,8026870762,15 pc Spicy Wings Combo,Regular Buffalo Fries,Ranch Dip - Regular,Digital,WWT,ToGo
628387996,5519604346,8 pc Grilled Wings Combo,2 pc Crispy Strips,10 pc Grilled Wings Combo,Digital,WWT,ToGo
754283787,3443149720,10 pc Grilled Wings,Ranch Dip - Regular,Large Buffalo Fries,Digital,WWT,ToGo
567878398,5695784239,20pc Spicy Feast Deal,Ranch Dip - Regular,Veggie Sticks Spicy,Digital,WWT,ToGo
667834511,6539979064,6 pc Spicy Wings Combo,6 pc Grilled Wings Combo,Ranch Dip - Regular,Digital,WWT,ToGo
459429066,2100548803,15 pc Grilled Wings,Ranch Dip - Large,10 pc Grilled Wings Combo,Digital,WWT,ToGo
684058871,9419859109,Large Fruit Punch,15 pc Crispy Strips,5 pc Crispy Strips Combo,Digital,WWT,ToGo
46262059,7269411598,Regular Buffalo Fries,20 Oz Soda,7 pc Crispy Strips,Digital,WWT,ToGo
398483308,1617158734,Regular Buffalo Fries,Fried Corn - Regular,Ranch Dip - Large,Digital,WWT,ToGo
344143914,7560129921,Ranch Dip - Regular,10 pc Grilled Wings Combo,5 pc Crispy Strips Combo,Digital,WWT,ToGo
627164221,3704712191,30 pc Family Grilled Wings,Fried Corn - Large,2 pc Crispy Strips,Digital,WWT,ToGo
365857463,4136734912,Cheese Dip - Regular,3 pc Crispy Strips Combo,Regular Buffalo Fries,Digital,WWT,ToGo
5783045,2250143111,Fried Corn - Regular,10 pc Spicy Wings,20 Oz Soda,Digital,WWT,ToGo
346536705,3302991162,Fried Corn - Large,30 pc Grilled Wings,Ranch Dip - Regular,Digital,WWT,ToGo
303422953,7367995107,Regular Buffalo Fries,Fried Corn - Regular,Ranch Dip - Regular,Digital,WWT,ToGo
651161181,6251705624,8 pc Spicy Wings Combo,Add 5 Spicy Wings,Chicken Sub Combo,Digital,WWT,ToGo
530147930,5055546718,20 pc Grilled Wings,Chicken Sub,4 pc Crispy Strips,Digital,WWT,ToGo
910189992,5674301849,7 pc Crispy Strips,Regular Buffalo Fries,Triple Chocolate Cake,Digital,WWT,ToGo
245261230,6235808560,8 pc Grilled Wings Combo,Cheese Dip - Large,8 pc Spicy Wings Combo,Digital,WWT,ToGo
4416881,3064527094,30 pc Family Grilled Wings,Add 5 Spicy Wings,Ranch Dip - Regular,Digital,WWT,ToGo
371289572,692173050,8 pc Spicy Wings Combo,Ranch Dip - Regular,10 pc Spicy Wings Combo,Digital,WWT,ToGo
269856603,432530606,Chicken Sub,Add 5 Grilled Wings,10 pc Grilled Wings Combo,Digital,WWT,ToGo
879683043,6605021198,Honey Mustard Dip - Regular,Fried Corn - Regular,3 pc Crispy Strips Combo,Digital,WWT,ToGo
315958232,1474861848,Veggie Sticks Spicy,10 pc Spicy Wings,Ranch Dip - Regular,Digital,WWT,ToGo
158427631,6235540934,6 pc Spicy Wings Combo,5 pc Crispy Strips Combo,15 pc Spicy Wings Combo,Digital,WWT,ToGo
310547085,1084179693,Ranch Dip - Large,Large Veggie Sticks Spicy,10 pc Spicy Wings,Digital,WWT,ToGo
966062888,3083081458,3 pc Crispy Strips Combo,7 pc Crispy Strips,Ranch Dip - Large,Digital,WWT,ToGo
240603386,2471266447,10 pc Grilled Wings,Ranch Dip - Regular,6 pc Spicy Wings Combo,Digital,WWT,ToGo
717793967,9277376427,Ranch Dip - Regular,25 pc Game Day Pack,10 pc Spicy Wings,Digital,WWT,ToGo
722730504,3822095030,8 pc Spicy Wings Combo,8 pc Grilled Wings Combo,Ranch Dip - Regular,Digital,WWT,ToGo
399374791,8635267939,Large Buffalo Fries,Large Veggie Sticks Spicy,15 pc Grilled Wings,Digital,WWT,ToGo
372985482,9975385466,Ranch Dip - Regular,20 Oz Soda,10 pc Grilled Wings,Digital,WWT,ToGo
875106489,6002902756,Large Buffalo Fries,Fried Corn - Regular,Flavor Platter,Digital,WWT,ToGo
42464808,9598626923,15 pc Grilled Wings,Ranch Dip - Regular,20pc Spicy Feast Deal,Digital,WWT,ToGo
179015818,2271437287,Fried Corn - Regular,Ranch Dip - Regular,2 pc Crispy Strips,Digital,WWT,ToGo
905714889,9127618166,6 pc Grilled Wings Combo,10 pc Spicy Wings Combo,10 pc Grilled Wings,Digital,WWT,ToGo
47616816,5498030987,10 pc Grilled Wings Combo,8 pc Spicy Wings Combo,Ranch Dip - Regular,Digital,WWT,ToGo
662138292,4893379515,3 pc Crispy Strips Combo,Ranch Dip - Large,10 pc Spicy Wings Combo,Digital,WWT,ToGo
693103028,4497037762,6 pc Grilled Wings Combo,Regular Buffalo Fries,Ranch Dip - Regular,Digital,WWT,ToGo
329910998,4061743760,Ranch Dip - Regular,Fried Corn - Regular,15 pc Grilled Wings,Digital,WWT,ToGo
16208992,9453738106,7 pc Crispy Strips,Ranch Dip - Large,Large Buffalo Fries,Digital,WWT,ToGo
165915269,8653850514,20pc Spicy Feast Deal,Fried Corn - Large,15 pc Grilled Wings Combo,Digital,WWT,ToGo
122929043,6262453914,Regular Buffalo Fries,20pc Spicy Feast Deal,Blue Cheese Dip - Regular,Digital,WWT,ToGo
316925508,1028695542,Regular Buffalo Fries,10 pc Mixed Wings Combo,7 pc Crispy Strips,Digital,WWT,ToGo
689146623,9052570299,Ranch Dip - Large,10 pc Spicy Wings Combo,Regular Buffalo Fries,Digital,WWT,ToGo
302831416,4773468386,10 pc Spicy Wings,Large Buffalo Fries,Fried Corn - Regular,Digital,WWT,ToGo
248670206,6788771349,8 pc Grilled Wings Combo,2 pc Crispy Strips,Ranch Dip - Regular,Digital,WWT,ToGo
902700726,9044746507,20 Oz Soda,30 pc Family Mixed Wings,Triple Chocolate Cake,Digital,WWT,ToGo
868212216,2016464487,30 pc Grilled Wings,Large Buffalo Fries,Ranch Dip - Regular,Digital,WWT,ToGo
695304861,7363404487,10 pc Spicy Wings,Ranch Dip - Regular,Add 5 Spicy Wings,Digital,WWT,ToGo
246430958,9515862942,20 Oz Soda,Fried Corn - Large,25 pc Game Day Pack,Digital,WWT,ToGo
856409489,292211849,Chicken Sub,Large Fruit Punch,20pc Spicy Feast Deal,Digital,WWT,ToGo
72343235,577424637,Ranch Dip - Large,15 pc Grilled Wings,20pc Spicy Feast Deal,Digital,WWT,ToGo
196116047,1891310798,Large Buffalo Fries,10 pc Grilled Wings,Ranch Dip - Regular,Digital,WWT,ToGo
296843243,4067339101,2 pc Crispy Strips,15 pc Grilled Wings,Voodoo Fries - Regular,Digital,WWT,ToGo
423897805,7233925631,Chicken Sub Combo,Voodoo Fries - Regular,Ranch Dip - Regular,Digital,WWT,ToGo
914626260,3311888453,10 pc Spicy Wings,Large Buffalo Fries,10 pc Grilled Wings,Digital,WWT,ToGo
260131777,7128291259,3 pc Crispy Strips Combo,2 pc Crispy Strips,Fried Corn - Regular,Digital,WWT,ToGo
802382779,4242501496,10 pc Grilled Wings,Ranch Dip - Regular,10 pc Spicy Wings Combo,Digital,WWT,ToGo
626605150,3252867332,10 pc Grilled Wings,10 pc Spicy Wings,Cheese Fries - Regular,Digital,WWT,ToGo
726148845,9492275642,Add 5 Spicy Wings,Ranch Dip - Regular,Large Buffalo Fries,Digital,WWT,ToGo
698295477,7332762886,Large Buffalo Fries,30 pc Family Mixed Wings,Blue Cheese Dip - Regular,Digital,WWT,ToGo
461591384,1791693774,Veggie Sticks Spicy,Chicken Sub Combo,Dipping Sauce,Digital,WWT,ToGo
886259241,5549621782,10 pc Spicy Wings Combo,Regular Buffalo Fries,Ranch Dip - Regular,Digital,WWT,ToGo
108166463,7253771566,2 pc Crispy Strips,Voodoo Fries - Large,10 pc Grilled Wings Combo,Digital,WWT,ToGo
348338898,6488820852,Fried Corn - Regular,Cheese Dip - Medium,6 pc Grilled Wings Combo,Digital,WWT,ToGo
388488350,4662712535,2 pc Crispy Strips,Ranch Dip - Large,15 pc Spicy Wings,Digital,WWT,ToGo
643256095,8282587606,Ranch Dip - Regular,20pc Spicy Feast Deal,Large Buffalo Fries,Digital,WWT,ToGo
7775815,1211569589,Regular Buffalo Fries,Ranch Dip - Regular,20 pc Grilled Wings,Digital,WWT,ToGo
820974237,5931929840,Ranch Dip - Regular,20 pc Mixed Wings,Regular Buffalo Fries,Digital,WWT,ToGo
413508946,937233417,Ranch Dip - Regular,10 pc Spicy Wings,Fried Corn - Regular,Digital,WWT,ToGo
989778920,1836342210,2 pc Crispy Strips,6 pc Grilled Wings Combo,15 pc Mixed Wings Combo,Digital,WWT,ToGo
655805726,7825139391,10 pc Mixed Wings,6 pc Spicy Wings Combo,8 pc Spicy Wings Combo,Digital,WWT,ToGo
989891009,6893279585,30 pc Family Grilled Wings,Fried Corn - Regular,Ranch Dip - Large,Digital,WWT,ToGo
377021551,4932507016,Regular Buffalo Fries,20 pc Grilled Wings,Ranch Dip - Regular,Digital,WWT,ToGo
170615493,693268549,Veggie Sticks Spicy,6 pc Spicy Wings Combo,10 pc Grilled Wings Combo,Digital,WWT,ToGo
324940474,8403128336,32 Oz Soda,Regular Buffalo Fries,Ranch Dip - Regular,Digital,WWT,ToGo
221008314,6272521896,7 pc Crispy Strips,Ranch Dip - Regular,Regular Buffalo Fries,Digital,WWT,ToGo
629815746,7055108210,25 pc Game Day Pack,10 pc Spicy Wings,Ranch Dip - Regular,Digital,WWT,ToGo
332232963,7658098544,10 pc Spicy Wings Combo,Triple Chocolate Cake,15 pc Grilled Wings Combo,Digital,WWT,ToGo
243482130,3244141341,10 pc Grilled Wings Combo,Ranch Dip - Regular,10 pc Grilled Wings,Digital,WWT,ToGo
808428514,8919162423,Triple Chocolate Cake,8 pc Grilled Wings Combo,Regular Buffalo Fries,Digital,WWT,ToGo
969554031,1228896755,10 pc Grilled Wings Combo,3 pc Crispy Strips Combo,2 pc Crispy Strips,Digital,WWT,ToGo
421528859,1388721424,2 pc Crispy Strips,Ranch Dip - Regular,Voodoo Fries - Regular,Digital,WWT,ToGo
39554714,8049334637,Large Celery Sticks,2 pc Crispy Strips,20pc Spicy Feast Deal,Digital,WWT,ToGo
795166073,668877122,10 pc Spicy Wings Combo,Chicken Sub,Cheese Dip - Medium,Digital,WWT,ToGo
438600504,1832380165,Ranch Dip - Regular,Add 5 Spicy Wings,20 pc Spicy Wings,Digital,WWT,ToGo
719437360,7454286331,20 pc Crispy Strips,Ranch Dip - Regular,Add 5 Spicy Wings,Digital,WWT,ToGo
362509592,8820300730,Ranch Dip - Regular,Fried Corn - Large,10 pc Grilled Wings,Digital,WWT,ToGo
296304012,3534967544,Chicken Sub Combo,Chicken Sub,Ranch Dip - Regular,Digital,WWT,ToGo
521152500,4099111737,25 pc Game Day Pack,Add 5 Spicy Wings,Regular Buffalo Fries,Digital,WWT,ToGo
682434190,5692983309,20 Oz Soda,Ranch Dip - Regular,30 pc Grilled Wings,Digital,WWT,ToGo
758373218,2551508316,20pc Spicy Feast Deal,Regular Buffalo Fries,Ranch Dip - Large,Digital,WWT,ToGo
791424763,6401485824,Veggie Sticks Spicy,Flavor Platter,20 Oz Soda,Digital,WWT,ToGo
116528530,8377653183,8 pc Mixed Wings Combo,Ranch Dip - Regular,8 pc Spicy Wings Combo,Digital,WWT,ToGo
967741527,2593391980,6 pc Grilled Wings Combo,6 pc Spicy Wings Combo,20 Oz Soda,Digital,WWT,ToGo
155880420,4662155831,2 pc Crispy Strips,Fried Corn - Regular,10 pc Grilled Wings Combo,Digital,WWT,ToGo
243563824,3504881894,Add 5 Spicy Wings,10 pc Grilled Wings Combo,Ranch Dip - Large,Digital,WWT,ToGo
169050503,7921565680,Ranch Dip - Regular,8 pc Grilled Wings Combo,3 pc Crispy Strips Combo,Digital,WWT,ToGo
784518972,5313220129,6 pc Spicy Wings Combo,10 pc Grilled Wings Combo,8 pc Grilled Wings Combo,Digital,WWT,ToGo
691177024,4676091145,8 pc Grilled Wings Combo,Ranch Dip - Large,15 pc Spicy Wings,Digital,WWT,ToGo
979331115,9283892057,3 pc Crispy Strips Combo,20pc Spicy Feast Deal,6 pc Spicy Wings Combo,Digital,WWT,ToGo
280724193,2518508022,Ranch Dip - Regular,Fried Corn - Large,Cheese Fries - Large,Digital,WWT,ToGo
595884432,4747845722,20pc Spicy Feast Deal,Fried Corn - Regular,32 Oz Soda,Digital,WWT,ToGo
91044568,4714767517,Add 5 Spicy Wings,6 pc Grilled Wings Combo,Dipping Sauce,Digital,WWT,ToGo
213867214,2702547901,Veggie Sticks,Dipping Sauce,10 pc Grilled Wings,Digital,WWT,ToGo
115984953,2481358010,20pc Spicy Feast Deal,Ranch Dip - Regular,Chicken Sub,Digital,WWT,ToGo
176228300,9823882308,2 pc Crispy Strips,10 pc Grilled Wings Combo,Regular Buffalo Fries,Digital,WWT,ToGo
284326459,3219246819,Ranch Dip - Regular,Add 5 Grilled Wings,20 pc Grilled Wings,Digital,WWT,ToGo
397009271,5610733001,6 pc Spicy Wings Combo,10 pc Grilled Wings Combo,10 pc Grilled Wings,Digital,WWT,ToGo
313902647,6359009799,Fried Corn - Regular,20pc Spicy Feast Deal,Ranch Dip - Regular,Digital,WWT,ToGo
250476484,5584934742,20 Oz Soda,Cheese Dip - Regular,8 pc Grilled Wings Combo,Digital,WWT,ToGo
259471811,9958274172,Fried Corn - Regular,Ranch Dip - Regular,Chicken Sub Combo,Digital,WWT,ToGo
630767485,1700879090,8 pc Spicy Wings Combo,Ranch Dip - Regular,Triple Chocolate Cake,Digital,WWT,ToGo
222757298,423325875,Fried Corn - Regular,Veggie Sticks Spicy,Ranch Dip - Regular,Digital,WWT,ToGo
852429541,2700256303,2 pc Crispy Strips,Ranch Dip - Regular,Regular Buffalo Fries,Digital,WWT,ToGo
740822945,7172483544,3 pc Crispy Strips Combo,Blue Cheese Dip - Regular,10 pc Spicy Wings Combo,Digital,WWT,ToGo
332497361,2771731403,32 Oz Soda,2 pc Crispy Strips,Add 5 Spicy Wings,Digital,WWT,ToGo
73510650,1884402430,20pc Spicy Feast Deal,8 pc Spicy Wings Combo,20 Oz Soda,Digital,WWT,ToGo
577211475,4464349661,20pc Spicy Feast Deal,32 Oz Soda,Ranch Dip - Regular,Digital,WWT,ToGo
456896960,9020764788,Fried Corn - Regular,Ranch Dip - Regular,30 pc Grilled Wings,Digital,WWT,ToGo
1258490,897197018,15 pc Grilled Wings,20pc Spicy Feast Deal,Ranch Dip - Regular,Digital,WWT,ToGo
761480509,9195917308,Ranch Dip - Regular,Fried Corn - Regular,Veggie Sticks,Digital,WWT,ToGo
571454523,9753500807,Ranch Dip - Large,2 pc Crispy Strips,20pc Spicy Feast Deal,Digital,WWT,ToGo
499615877,1074003675,10 pc Spicy Wings,Fried Corn - Regular,7 pc Crispy Strips,Digital,WWT,ToGo
301776513,2181355716,20 pc Grilled Wings,Veggie Sticks,Ranch Dip - Regular,Digital,WWT,ToGo
384800430,8024017350,Ranch Dip - Large,30 pc Family Grilled Wings,Fried Corn - Regular,Digital,WWT,ToGo
901956379,575013192,Regular Buffalo Fries,15 pc Grilled Wings,7 pc Crispy Strips,Digital,WWT,ToGo
622349757,9480777569,10 pc Grilled Wings Combo,8 pc Grilled Wings Combo,Fried Corn - Regular,Digital,WWT,ToGo
994215503,8490256110,8 pc Grilled Wings Combo,2 pc Crispy Strips,Ranch Dip - Regular,Digital,WWT,ToGo
942408609,9316714148,Ranch Dip - Regular,2 pc Crispy Strips,Chicken Sub,Digital,WWT,ToGo
475626592,3735258950,Large Buffalo Fries,Ranch Dip - Regular,10 pc Spicy Wings,Digital,WWT,ToGo
352894347,4118512959,Ranch Dip - Regular,Flavor Platter,20 Oz Soda,Digital,WWT,ToGo
357751622,153301022,6 pc Spicy Wings Combo,Chicken Sub,Fried Corn - Regular,Digital,WWT,ToGo
452279459,5439543092,Ranch Dip - Regular,Regular Buffalo Fries,15 pc Grilled Wings,Digital,WWT,ToGo
64239408,1234599757,2 pc Crispy Strips,32 Oz Soda,10 pc Grilled Wings,Digital,WWT,ToGo
146781377,1314782296,Blue Cheese Dip - Regular,Fried Corn - Large,30 pc Grilled Wings,Digital,WWT,ToGo
289850892,7832345222,Regular Buffalo Fries,10 pc Mixed Wings,Ranch Dip - Regular,Digital,WWT,ToGo
953479794,1907035917,10 pc Spicy Wings Combo,Ranch Dip - Regular,6 pc Grilled Wings Combo,Digital,WWT,ToGo
804730893,5827168935,10 pc Grilled Wings,10 pc Grilled Wings Combo,Fried Corn - Large,Digital,WWT,ToGo
642954205,8538799610,Chicken Sub,8 pc Spicy Wings Combo,Regular Buffalo Fries,Digital,WWT,ToGo
828120344,6646915661,Ranch Dip - Regular,Regular Buffalo Fries,Bottled Water,Digital,WWT,ToGo
264767825,7341287854,Chicken Sub Combo,Ranch Dip - Regular,10 pc Grilled Wings Combo,Digital,WWT,ToGo
740863153,3302178791,Fried Corn - Regular,2 pc Crispy Strips,Ranch Dip - Regular,Digital,WWT,ToGo
391458895,5895908225,Fried Corn - Regular,10 pc Spicy Wings,10 pc Spicy Wings Combo,Digital,WWT,ToGo
93586269,4249926639,10 pc Grilled Wings,10 pc Grilled Wings Combo,Ranch Dip - Large,Digital,WWT,ToGo
709117761,1978069785,25 pc Game Day Pack,Chicken Sub Combo,Large Veggie Sticks Spicy,Digital,WWT,ToGo
899533625,6829257066,8 pc Spicy Wings Combo,Ranch Dip - Regular,8 pc Grilled Wings Combo,Digital,WWT,ToGo
440457171,7249113306,Veggie Sticks Spicy,6 pc Grilled Wings Combo,3 pc Crispy Strips Combo,Digital,WWT,ToGo
433975390,3671354189,10 pc Grilled Wings Combo,6 pc Grilled Wings Combo,Large Buffalo Fries,Digital,WWT,ToGo
715546416,7439102795,24 pc Family Grilled Wings,Triple Chocolate Cake,10 pc Spicy Wings Combo,Digital,WWT,ToGo
73637672,6371113700,Ranch Dip - Regular,20 Oz Soda,10 pc Spicy Wings,Digital,WWT,ToGo
271995685,5494382077,6 pc Spicy Wings Combo,Ranch Dip - Large,8 pc Spicy Wings Combo,Digital,WWT,ToGo
743731764,7435447142,30 pc Family Grilled Wings,Dipping Sauce,5 pc Crispy Strips Combo,Digital,WWT,ToGo
88222968,5479754720,Veggie Sticks,Ranch Dip - Large,Fried Corn - Large,Digital,WWT,ToGo
551777539,9908029367,Ranch Dip - Large,Fried Corn - Large,50 pc Grilled Wings,Digital,WWT,ToGo
496128198,4101133960,Chicken Sub,10 pc Grilled Wings,8 pc Grilled Wings Combo,Digital,WWT,ToGo
72129409,3015925635,Ranch Dip - Regular,10 pc Spicy Wings,Veggie Sticks Spicy,Digital,WWT,ToGo
709637547,2028788097,Large Buffalo Fries,20 pc Grilled Wings,Regular Buffalo Fries,Digital,WWT,ToGo
310140991,1264014639,Veggie Sticks,6 pc Spicy Wings Combo,Blue Cheese Dip - Regular,Digital,WWT,ToGo
881591579,989527639,20pc Spicy Feast Deal,8 pc Spicy Wings Combo,Ranch Dip - Regular,Digital,WWT,ToGo
877650838,5436082679,Ranch Dip - Regular,15 pc Spicy Wings,20 pc Grilled Wings,Digital,WWT,ToGo
827274979,4826562760,4 pc Crispy Strips,10 pc Grilled Wings Combo,Chicken Sub,Digital,WWT,ToGo
705085361,5840783167,15 pc Grilled Wings,Regular Buffalo Fries,6 pc Spicy Wings Combo,Digital,WWT,ToGo
452376502,6403268830,6 pc Mixed Wings Combo,Regular Buffalo Fries,Fried Corn - Regular,Digital,WWT,ToGo
461515640,4204556378,Large Buffalo Fries,10 pc Spicy Wings,15 pc Spicy Wings,Digital,WWT,ToGo
845598480,8025974796,2 pc Crispy Strips,Regular Buffalo Fries,15 pc Grilled Wings,Digital,WWT,ToGo
684312607,3218830263,Fried Corn - Regular,Ranch Dip - Large,10 pc Grilled Wings,Digital,WWT,ToGo
920863414,1496609584,6 pc Spicy Wings Combo,10 pc Grilled Wings Combo,5 pc Crispy Strips Combo,Digital,WWT,ToGo
486701855,6593788546,6 pc Grilled Wings Combo,6 pc Spicy Wings Combo,8 pc Grilled Wings Combo,Digital,WWT,ToGo
74190959,5190525485,Chicken Sub Combo,10 pc Grilled Wings Combo,5 pc Crispy Strips Combo,Digital,WWT,ToGo
418210296,1693088898,Ranch Dip - Regular,20 pc Grilled Wings,20pc Spicy Feast Deal,Digital,WWT,ToGo
892869602,4540881888,Ranch Dip - Regular,6 pc Spicy Wings Combo,10 pc Grilled Wings Combo,Digital,WWT,ToGo
10640175,3748848573,Add 5 Grilled Wings,20pc Spicy Feast Deal,Fried Corn - Large,Digital,WWT,ToGo
846464669,140533012,20 pc Grilled Wings,20 Oz Soda,Ranch Dip - Regular,Digital,WWT,ToGo
560095323,4328729830,4 pc Crispy Strips,Add 5 Spicy Wings,15 pc Grilled Wings,Digital,WWT,ToGo
656825175,1100029045,10 pc Mixed Wings Combo,7 pc Crispy Strips,10 pc Grilled Wings Combo,Digital,WWT,ToGo
280716757,4240564164,Voodoo Fries - Regular,20 pc Mixed Wings,Ranch Dip - Regular,Digital,WWT,ToGo
584891020,3292135969,Ranch Dip - Regular,10 pc Spicy Wings Combo,10 pc Grilled Wings Combo,Digital,WWT,ToGo
456006505,5273809414,Add 5 Spicy Wings,Ranch Dip - Large,10 pc Grilled Wings Combo,Digital,WWT,ToGo
507699123,4843892365,2 pc Crispy Strips,Ranch Dip - Large,Fried Corn - Large,Digital,WWT,ToGo
952900524,4475708513,Large Buffalo Fries,Chicken Sub Combo,6 pc Grilled Wings Combo,Digital,WWT,ToGo
951770074,1891258868,30 pc Family Grilled Wings,Ranch Dip - Large,Fried Corn - Regular,Digital,WWT,ToGo
43006300,8567790320,10 pc Grilled Wings,Add 5 Grilled Wings,10 pc Spicy Wings,Digital,WWT,ToGo
956554764,555033840,5 pc Crispy Strips Combo,20 Oz Soda,10 pc Grilled Wings,Digital,WWT,ToGo
320742479,1757964799,Ranch Dip - Regular,Chicken Sub Combo,8 pc Grilled Wings Combo,Digital,WWT,ToGo
300095062,203585826,Ranch Dip - Regular,Regular Buffalo Fries,20 pc Grilled Wings,Digital,WWT,ToGo
857879752,4991901700,Large Buffalo Fries,10 pc Grilled Wings Combo,20pc Spicy Feast Deal,Digital,WWT,ToGo
513474141,788250617,6 pc Spicy Wings Combo,8 pc Spicy Wings Combo,8 pc Mixed Wings Combo,Digital,WWT,ToGo
639092931,1327263363,Triple Chocolate Cake,Veggie Sticks Spicy,8 pc Spicy Wings Combo,Digital,WWT,ToGo
180718756,2199438114,Ranch Dip - Regular,20 Oz Soda,Regular Buffalo Fries,Digital,WWT,ToGo
854159463,6137645469,Voodoo Fries - Large,4 pc Crispy Strips,5 pc Crispy Strips Combo,Digital,WWT,ToGo
159520555,8721610270,Cheese Fries - Regular,10 pc Spicy Wings,Ranch Dip - Regular,Digital,WWT,ToGo
135641283,6792373984,Ranch Dip - Large,20 pc Grilled Wings,2 pc Crispy Strips,Digital,WWT,ToGo
22609897,1355068589,3 pc Crispy Strips Combo,Fried Corn - Regular,10 pc Grilled Wings,Digital,WWT,ToGo
15750176,8787311196,Large Buffalo Fries,Ranch Dip - Regular,Add 5 Spicy Wings,Digital,WWT,ToGo
910873155,5831553557,Fried Corn - Regular,Ranch Dip - Regular,Regular Buffalo Fries,Digital,WWT,ToGo
268346158,1728785684,3 pc Crispy Strips Combo,Fried Corn - Regular,6 pc Spicy Wings Combo,Digital,WWT,ToGo
467898599,7436158860,10 pc Grilled Wings Combo,Veggie Sticks Spicy,25 pc Game Day Pack,Digital,WWT,ToGo
148829205,9866060252,Add 5 Spicy Wings,Buffalo Fries,Ranch Dip - Regular,Digital,WWT,ToGo
606485203,1757937877,Ranch Dip - Large,Large Buffalo Fries,30 pc Grilled Wings,Digital,WWT,ToGo
127612123,8953892581,Large Veggie Sticks Spicy,Ranch Dip - Large,Fried Corn - Large,Digital,WWT,ToGo
572496484,9160586430,20pc Spicy Feast Deal,Ranch Dip - Regular,15 pc Spicy Wings,Digital,WWT,ToGo
826400711,1348916976,Chicken Sub,2 pc Crispy Strips,30 pc Family Grilled Wings,Digital,WWT,ToGo
178244854,4319071016,Ranch Dip - Regular,10 pc Grilled Wings,20pc Spicy Feast Deal,Digital,WWT,ToGo
482214024,2082860004,10 pc Grilled Wings,10 pc Spicy Wings,Regular Buffalo Fries,Digital,WWT,ToGo
893185287,6088363846,Ranch Dip - Large,30 pc Grilled Wings,Fried Corn - Large,Digital,WWT,ToGo
97269016,6601145696,Flavor Platter,20 pc Grilled Wings,Chicken Sub,Digital,WWT,ToGo
772901794,9265211153,Carrot Sticks,10 pc Spicy Wings Combo,Ranch Dip - Regular,Digital,WWT,ToGo
581373507,8354850181,24 pc Family Grilled Wings,20 Oz Soda,32 Oz Soda,Digital,WWT,ToGo
5613489,9709185284,3 pc Crispy Strips Combo,Chicken Sub,20 pc Grilled Wings,Digital,WWT,ToGo
331448524,8664036462,Veggie Sticks,Ranch Dip - Large,Fried Corn - Regular,Digital,WWT,ToGo
836575948,1787804796,20pc Spicy Feast Deal,8 pc Grilled Wings Combo,10 pc Grilled Wings Combo,Digital,WWT,ToGo
760901567,4169189588,10 pc Spicy Wings Combo,8 pc Grilled Wings Combo,6 pc Grilled Wings Combo,Digital,WWT,ToGo
253600554,4240555546,Ranch Dip - Regular,20pc Spicy Feast Deal,10 pc Grilled Wings Combo,Digital,WWT,ToGo
930616334,6707615211,Blue Cheese Dip - Regular,20pc Spicy Feast Deal,2 pc Crispy Strips,Digital,WWT,ToGo
746489796,6121591301,Ranch Dip - Regular,20 pc Grilled Wings,Regular Buffalo Fries,Digital,WWT,ToGo
818477912,9660893737,6 pc Grilled Wings Combo,Chicken Sub Combo,Ranch Dip - Regular,Digital,WWT,ToGo
603622297,3166725456,15 pc Grilled Wings,Ranch Dip - Regular,Fried Corn - Regular,Digital,WWT,ToGo
457268741,2935738403,Cheese Fries - Large,Veggie Sticks Spicy,20pc Spicy Feast Deal,Digital,WWT,ToGo
518560140,7655305325,10 pc Mixed Wings,10 pc Grilled Wings Combo,5 pc Crispy Strips Combo,Digital,WWT,ToGo
933015978,5498347398,Chicken Sub,10 pc Spicy Wings,20pc Spicy Feast Deal,Digital,WWT,ToGo
210609580,7654433270,Flavor Platter,Add 5 Spicy Wings,4 pc Crispy Strips,Digital,WWT,ToGo
921507925,5618771525,Ranch Dip - Regular,8 pc Grilled Wings Combo,6 pc Spicy Wings Combo,Digital,WWT,ToGo
630742216,8544774642,10 pc Grilled Wings Combo,Ranch Dip - Regular,Add 5 Grilled Wings,Digital,WWT,ToGo
632598037,3729893922,10 pc Spicy Wings,Fried Corn - Regular,Blue Cheese Dip - Regular,Digital,WWT,ToGo
371208400,4326009809,8 pc Grilled Wings Combo,2 pc Crispy Strips,8 pc Spicy Wings Combo,Digital,WWT,ToGo
304597748,2574201124,6 pc Spicy Wings Combo,2 pc Crispy Strips,10 pc Mixed Wings Combo,Digital,WWT,ToGo
324559624,5839346714,30 pc Grilled Wings,Ranch Dip - Large,Regular Buffalo Fries,Digital,WWT,ToGo
783666949,9405233990,Ranch Dip - Regular,20 pc Mixed Wings,32 Oz Soda,Digital,WWT,ToGo
511962541,5047246062,32 Oz Soda,10 pc Mixed Wings,Ranch Dip - Regular,Digital,WWT,ToGo
913781453,9741900531,Veggie Sticks Spicy,Voodoo Fries - Regular,4 pc Crispy Strips,Digital,WWT,ToGo
433588764,900698321,Regular Buffalo Fries,Ranch Dip - Large,Large Buffalo Fries,Digital,WWT,ToGo
300355165,9602315572,15 pc Spicy Wings,20pc Spicy Feast Deal,32 Oz Soda,Digital,WWT,ToGo
94563958,1870956895,Veggie Sticks Spicy,15 pc Crispy Strips,Fried Corn - Large,Digital,WWT,ToGo
80363740,4763481822,75 pc Family Mixed Wings,Large Veggie Sticks Spicy,Fried Corn - Large,Digital,WWT,ToGo
524447456,7181101360,Triple Chocolate Cake,10 pc Grilled Wings Combo,8 pc Spicy Wings Combo,Digital,WWT,ToGo
315733057,3628400623,Fried Corn - Large,Ranch Dip - Regular,10 pc Grilled Wings Combo,Digital,WWT,ToGo
168193264,212931472,Ranch Dip - Large,10 pc Grilled Wings,Large Veggie Sticks Spicy,Digital,WWT,ToGo
494921019,5607933866,6 pc Grilled Wings Combo,Ranch Dip - Regular,Regular Buffalo Fries,Digital,WWT,ToGo
813865780,843353553,6 pc Strips Meal for 2,75 pc Family Mixed Wings,Large Fruit Punch,Digital,WWT,ToGo
366771675,8812752288,Cheese Fries - Large,Regular Buffalo Fries,15 pc Spicy Wings,Digital,WWT,ToGo
866086609,5847863983,32 Oz Soda,20pc Spicy Feast Deal,2 pc Crispy Strips,Digital,WWT,ToGo
364270870,8866492854,Fried Corn - Regular,10 pc Grilled Wings,Veggie Sticks Spicy,Digital,WWT,ToGo
47599717,8742060403,10 pc Spicy Wings,Fried Corn - Regular,Veggie Sticks Spicy,Digital,WWT,ToGo
747711800,3271887051,15 pc Grilled Wings,Ranch Dip - Regular,2 pc Crispy Strips,Digital,WWT,ToGo
303359421,8517312532,Large Fruit Punch,Fried Corn - Regular,Flavor Platter Grilled,Digital,WWT,ToGo
656646304,4166370839,Large Buffalo Fries,Ranch Dip - Large,40 pc Family Spicy Wings,Digital,WWT,ToGo
919383131,7052765248,10 pc Grilled Wings,Blue Cheese Dip - Large,Fried Corn - Regular,Digital,WWT,ToGo
20056926,3044013178,4 pc Crispy Strips,20 pc Grilled Wings,Ranch Dip - Regular,Digital,WWT,ToGo
421052142,383051095,Ranch Dip - Regular,10 pc Spicy Wings,Fried Corn - Regular,Digital,WWT,ToGo
401569422,9112164971,Veggie Sticks Spicy,Ranch Dip - Large,6 pc Grilled Wings Combo,Digital,WWT,ToGo
54774296,5556328,20pc Spicy Feast Deal,Large Buffalo Fries,Add 5 Grilled Wings,Digital,WWT,ToGo
365982870,5791873420,Regular Buffalo Fries,8 pc Grilled Wings Combo,Add 5 Grilled Wings,Digital,WWT,ToGo
314629368,3656914730,8 pc Mixed Wings Combo,10 pc Grilled Wings Combo,Veggie Sticks,Digital,WWT,ToGo
505867016,3518269386,Ranch Dip - Regular,20 Oz Soda,10 pc Spicy Wings,Digital,WWT,ToGo
596647702,5495230392,Ranch Dip - Regular,Veggie Sticks Spicy,Regular Buffalo Fries,Digital,WWT,ToGo
247950793,4238309587,Ranch Dip - Regular,Add 5 Spicy Wings,Veggie Sticks Spicy,Digital,WWT,ToGo
727735141,9503954287,10 pc Grilled Wings,6 pc Spicy Wings Combo,Add 5 Spicy Wings,Digital,WWT,ToGo
874632480,7578131243,20 pc Grilled Wings,Ranch Dip - Regular,Regular Buffalo Fries,Digital,WWT,ToGo
454149467,5546805557,Regular Buffalo Fries,4 pc Crispy Strips,Chicken Sub,Digital,WWT,ToGo
322427036,7303368212,6 pc Spicy Wings Combo,10 pc Grilled Wings Combo,Veggie Sticks Spicy,Digital,WWT,ToGo
742366367,1680125849,6 pc Strips Meal for 2,Ranch Dip - Regular,Wings Lunch Combo,Digital,WWT,ToGo
171511753,3342117117,3 pc Crispy Strips Combo,Cheese Dip - Medium,10 pc Grilled Wings Combo,Digital,WWT,ToGo
700022050,1860011666,Large Buffalo Fries,20pc Spicy Feast Deal,Large Fruit Punch,Digital,WWT,ToGo
766711618,1958104576,Add 5 Spicy Wings,10 pc Grilled Wings Combo,2 pc Crispy Strips,Digital,WWT,ToGo
192890999,7343673588,30 pc Mixed Wings,Regular Buffalo Fries,3 pc Crispy Strips Combo,Digital,WWT,ToGo
922165209,8992642594,Cheese Fries - Regular,Ranch Dip - Regular,Regular Buffalo Fries,Digital,WWT,ToGo
185353579,8804388400,20pc Spicy Feast Deal,Ranch Dip - Large,Fried Corn - Regular,Digital,WWT,ToGo
318840047,4737210194,20 Oz Soda,20pc Spicy Feast Deal,5 pc Crispy Strips Combo,Digital,WWT,ToGo
682388794,7925803227,8 pc Spicy Wings Combo,Large Buffalo Fries,Chicken Sub Combo,Digital,WWT,ToGo
163772119,7880238063,10 pc Mixed Wings Combo,10 pc Grilled Wings Combo,6 pc Grilled Wings Combo,Digital,WWT,ToGo
388295967,1317989663,20 Oz Soda,Ranch Dip - Regular,15 pc Spicy Wings,Digital,WWT,ToGo
899323724,593449461,20pc Spicy Feast Deal,10 pc Spicy Wings,Voodoo Fries - Regular,Digital,WWT,ToGo
852659933,4518012030,Ranch Dip - Regular,10 pc Grilled Wings,8 pc Spicy Wings Combo,Digital,WWT,ToGo
44500511,4911277420,Ranch Dip - Regular,Chicken Sub,Chicken Sub Combo,Digital,WWT,ToGo
855343509,6778835137,Ranch Dip - Large,20pc Spicy Feast Deal,20 Oz Soda,Digital,WWT,ToGo
297854432,3156933766,20pc Spicy Feast Deal,15 pc Grilled Wings,Ranch Dip - Regular,Digital,WWT,ToGo
665170815,2326194829,10 pc Grilled Wings,Ranch Dip - Regular,10 pc Spicy Wings Combo,Digital,WWT,ToGo
128038914,8432644352,20 Oz Soda,Large Buffalo Fries,7 pc Crispy Strips,Digital,WWT,ToGo
223627884,6170144901,Regular Buffalo Fries,10 pc Grilled Wings,6 pc Grilled Wings Combo,Digital,WWT,ToGo
121913804,9060347619,Large Buffalo Fries,Ranch Dip - Regular,20 pc Spicy Wings,Digital,WWT,ToGo
61900325,8886736318,Add 5 Spicy Wings,Large Buffalo Fries,Add 5 Grilled Wings,Digital,WWT,ToGo
850757606,8215461140,Fried Corn - Large,15 pc Mixed Wings Combo,2 pc Crispy Strips,Digital,WWT,ToGo
361417295,6709854601,Large Buffalo Fries,15 pc Spicy Wings,5 pc Crispy Strips Combo,Digital,WWT,ToGo
913033698,5156937997,6 pc Grilled Wings Combo,6 pc Spicy Wings Combo,Veggie Sticks Spicy,Digital,WWT,ToGo
864699842,5264953502,32 Oz Soda,Domestic Lager,20 Oz Soda,Digital,WWT,ToGo
920572252,5756782936,Ranch Dip - Regular,Add 5 Spicy Wings,3 Strips Lunch,Digital,WWT,ToGo
245145291,6465033415,10 pc Grilled Wings Combo,8 pc Grilled Wings Combo,Ranch Dip - Regular,Digital,WWT,ToGo
927800235,2088803697,8 pc Spicy Wings Combo,15 pc Grilled Wings Combo,Blue Cheese Dip - Regular,Digital,WWT,ToGo
192068298,9921131144,2 pc Crispy Strips,Large Fruit Punch,Add 5 Spicy Wings,Digital,WWT,ToGo
974091201,8543378696,20pc Spicy Feast Deal,20 Oz Soda,Ranch Dip - Large,Digital,WWT,ToGo
577143156,4386690064,Ranch Dip - Regular,10 pc Grilled Wings,Regular Buffalo Fries,Digital,WWT,ToGo
732763986,8833118609,30 pc Family Grilled Wings,Fried Corn - Large,15 pc Grilled Wings Combo,Digital,WWT,ToGo
930765144,728026822,10 pc Spicy Wings Combo,Voodoo Fries - Large,Ranch Dip - Regular,Digital,WWT,ToGo
542063001,6964422874,2 pc Crispy Strips,10 pc Grilled Wings Combo,Ranch Dip - Regular,Digital,WWT,ToGo
560482421,2619394683,15 pc Grilled Wings Combo,10 pc Grilled Wings,20pc Spicy Feast Deal,Digital,WWT,ToGo
494109314,112434716,8 pc Grilled Wings Combo,15 pc Spicy Wings,7 pc Crispy Strips,Digital,WWT,ToGo
969808904,4226127641,10 pc Spicy Wings Combo,3 pc Crispy Strips Combo,6 pc Spicy Wings Combo,Digital,WWT,ToGo
268717897,391807446,Regular Buffalo Fries,6 pc Grilled Wings Combo,Add 5 Spicy Wings,Digital,WWT,ToGo
326938340,9255777990,Chicken Sub,10 pc Grilled Wings Combo,6 pc Spicy Wings Combo,Digital,WWT,ToGo
886813829,4104732249,Chicken Sub Combo,24 pc Family Grilled Wings,Chicken Sub,Digital,WWT,ToGo
291986419,9652773670,6 pc Spicy Wings Combo,Ranch Dip - Regular,10 pc Grilled Wings,Digital,WWT,ToGo
682069989,4840459795,10 pc Spicy Wings,7 pc Crispy Strips,Large Buffalo Fries,Digital,WWT,ToGo
557641370,4504947430,Regular Buffalo Fries,Ranch Dip - Regular,8 pc Grilled Wings Combo,Digital,WWT,ToGo
38672775,7588686121,5 pc Crispy Strips Combo,Ranch Dip - Regular,8 pc Grilled Wings Combo,Digital,WWT,ToGo
24124119,4804648767,10 pc Spicy Wings Combo,8 pc Grilled Wings Combo,6 pc Grilled Wings Combo,Digital,WWT,ToGo
604425244,9635883148,Carrot Sticks,10 pc Grilled Wings,Ranch Dip - Regular,Digital,WWT,ToGo
210925501,345701565,Ranch Dip - Regular,20pc Spicy Feast Deal,Voodoo Fries - Large,Digital,WWT,ToGo
960007282,2735628080,20 Oz Soda,Ranch Dip - Regular,20 pc Grilled Wings,Digital,WWT,ToGo
786655671,933812866,10 pc Spicy Wings Combo,6 pc Strips Meal for 2,Fried Corn - Regular,Digital,WWT,ToGo
628926889,8226771121,10 pc Grilled Wings Combo,Regular Buffalo Fries,Ranch Dip - Regular,Digital,WWT,ToGo
131084573,6573347725,Fried Corn - Large,Chicken Sub Combo,2 pc Crispy Strips,Digital,WWT,ToGo
601048801,1521389865,Regular Buffalo Fries,Ranch Dip - Regular,10 pc Grilled Wings,Digital,WWT,ToGo
388942554,6565660501,Regular Buffalo Fries,2 pc Crispy Strips,15 pc Grilled Wings,Digital,WWT,ToGo
636666470,5849629760,10 pc Grilled Wings Combo,Regular Buffalo Fries,Ranch Dip - Regular,Digital,WWT,ToGo
438145746,3231333615,2 pc Crispy Strips,6 pc Mixed Wings Combo,Fried Corn - Regular,Digital,WWT,ToGo
690429788,210941796,10 pc Spicy Wings,10 pc Mixed Wings,Ranch Dip - Regular,Digital,WWT,ToGo
711114047,989955882,Regular Buffalo Fries,Chicken Sub,10 pc Grilled Wings,Digital,WWT,ToGo
14317935,9784043091,Large Buffalo Fries,Large Veggie Sticks Spicy,Blue Cheese Dip - Large,Digital,WWT,ToGo
533871373,330744085,15 pc Grilled Wings,Regular Buffalo Fries,10 pc Grilled Wings,Digital,WWT,ToGo
199559621,9852581132,10 pc Grilled Wings Combo,6 pc Spicy Wings Combo,Chicken Sub,Digital,WWT,ToGo
934035857,9099645099,2 pc Crispy Strips,32 Oz Soda,10 pc Spicy Wings Combo,Digital,WWT,ToGo
784240669,7066723240,Chicken Sub Combo,Chicken Sub,25 pc Game Day Pack,Digital,WWT,ToGo
674694786,5594519086,Large Buffalo Fries,15 pc Spicy Wings,Ranch Dip - Regular,Digital,WWT,ToGo
594035041,4585144849,6 pc Mixed Wings Combo,Regular Buffalo Fries,Ranch Dip - Large,Digital,WWT,ToGo
205613275,1204068454,Ranch Dip - Regular,10 pc Spicy Wings Combo,Fried Corn - Regular,Digital,WWT,ToGo
271259619,6381949545,Chicken Sub,6 pc Grilled Wings Combo,8 pc Spicy Wings Combo,Digital,WWT,ToGo
23605398,5419425706,Add 5 Spicy Wings,10 pc Spicy Wings,Regular Buffalo Fries,Digital,WWT,ToGo
933761219,9459593044,Fried Corn - Large,Voodoo Fries - Large,Ranch Dip - Large,Digital,WWT,ToGo
504956560,7778977823,Add 5 Spicy Wings,Large Buffalo Fries,15 pc Grilled Wings Combo,Digital,WWT,ToGo
539407307,9684498357,Ranch Dip - Large,Cheese Fries - Large,15 pc Grilled Wings,Digital,WWT,ToGo
777782904,9811510074,6 pc Spicy Wings Combo,10 pc Grilled Wings,Ranch Dip - Regular,Digital,WWT,ToGo
594970770,6082031819,4 pc Crispy Strips,Cheese Fries - Large,20 pc Grilled Wings,Digital,WWT,ToGo
367538574,8887895925,Regular Buffalo Fries,100 pc Mixed Wings,50 pc Mixed Wings,Digital,WWT,ToGo
871695150,6450373778,10 pc Spicy Wings,Ranch Dip - Regular,10 pc Spicy Wings Combo,Digital,WWT,ToGo
364858673,6419006933,Large Buffalo Fries,10 pc Spicy Wings,Ranch Dip - Regular,Digital,WWT,ToGo
146287759,2699835774,Ranch Dip - Regular,Chicken Sub,Regular Buffalo Fries,Digital,WWT,ToGo
375539392,1369707677,Regular Buffalo Fries,Fried Corn - Regular,Ranch Dip - Regular,Digital,WWT,ToGo
132047753,1532663577,Large Buffalo Fries,Regular Buffalo Fries,Ranch Dip - Large,Digital,WWT,ToGo
390619846,9069039966,6 pc Grilled Wings Combo,Add 5 Grilled Wings,Ranch Dip - Regular,Digital,WWT,ToGo
815481224,2242828550,6 pc Grilled Wings Combo,8 pc Grilled Wings Combo,Ranch Dip - Regular,Digital,WWT,ToGo
680623681,7987626765,Add 5 Spicy Wings,Ranch Dip - Regular,10 pc Grilled Wings Combo,Digital,WWT,ToGo
512708202,4781334962,2 pc Crispy Strips,Regular Buffalo Fries,Ranch Dip - Large,Digital,WWT,ToGo
840902409,3315199250,4 pc Crispy Strips,Ranch Dip - Regular,10 pc Spicy Wings,Digital,WWT,ToGo
921098580,8148014460,Ranch Dip - Regular,15 pc Grilled Wings,15 pc Spicy Wings,Digital,WWT,ToGo
620182438,4713753427,10 pc Spicy Wings,Ranch Dip - Regular,Legendary Feast Bundle,Digital,WWT,ToGo
161201112,1975968642,Ranch Dip - Regular,75 pc Family Mixed Wings,15 pc Grilled Wings,Digital,WWT,ToGo
77560855,2552588928,Large Veggie Sticks,Ranch Dip - Regular,20 Oz Soda,Digital,WWT,ToGo
30092310,4603054513,20 Oz Soda,24 pc Family Grilled Wings,Add 5 Grilled Wings,Digital,WWT,ToGo
554453055,938297015,Cheese Fries - Regular,Chicken Sub,20 pc Grilled Wings,Digital,WWT,ToGo
236035906,4321092455,20 pc Mixed Wings,20 pc Grilled Wings,Ranch Dip - Regular,Digital,WWT,ToGo
302382256,3962842818,Large Buffalo Fries,10 pc Spicy Wings,Chicken Sub,Digital,WWT,ToGo
291452912,867995303,10 pc Spicy Wings Combo,Triple Chocolate Cake,Ranch Dip - Regular,Digital,WWT,ToGo
375911020,368402530,Cheese Fries - Regular,Blue Cheese Dip - Regular,10 pc Grilled Wings Combo,Digital,WWT,ToGo
444476360,303427061,7 pc Crispy Strips,Chicken Sub,4 pc Crispy Strips,Digital,WWT,ToGo
152480560,8081100487,Regular Buffalo Fries,15 pc Grilled Wings,Ranch Dip - Regular,Digital,WWT,ToGo
227373923,2548451770,Veggie Sticks Spicy,8 pc Grilled Wings Combo,Ranch Dip - Regular,Digital,WWT,ToGo
747201425,6349086403,Fried Corn - Large,Ranch Dip - Regular,Large Buffalo Fries,Digital,WWT,ToGo
761607768,645444357,Ranch Dip - Large,20pc Spicy Feast Deal,32 Oz Soda,Digital,WWT,ToGo
842733449,6396952241,20pc Spicy Feast Deal,Chicken Sub,Large Buffalo Fries,Digital,WWT,ToGo
816535303,9575117054,8 pc Grilled Wings Combo,6 pc Grilled Wings Combo,Dipping Sauce,Digital,WWT,ToGo
411529953,9417949779,Fried Corn - Regular,Regular Buffalo Fries,30 pc Grilled Wings,Digital,WWT,ToGo
319084152,3969421881,Flavor Platter,10 pc Spicy Wings,Regular Buffalo Fries,Digital,WWT,ToGo
370930081,5473578293,20 Oz Soda,10 pc Mixed Wings,Ranch Dip - Regular,Digital,WWT,ToGo
471563344,4270040680,6 pc Spicy Wings Combo,6 pc Grilled Wings Combo,Veggie Sticks Spicy,Digital,WWT,ToGo
985880410,1728267841,Regular Buffalo Fries,2 pc Crispy Strips,Ranch Dip - Regular,Digital,WWT,ToGo
554381193,7840836849,Dipping Sauce,Chicken Sub Combo,2 pc Crispy Strips,Digital,WWT,ToGo
954735225,6485585475,15 pc Grilled Wings,Regular Buffalo Fries,Fried Corn - Large,Digital,WWT,ToGo
282899451,2388027509,8 pc Spicy Wings Combo,Ranch Dip - Regular,Regular Buffalo Fries,Digital,WWT,ToGo
165031272,6150693082,8 pc Grilled Wings Combo,Triple Chocolate Cake,10 pc Spicy Wings,Digital,WWT,ToGo
400119647,7272353063,Add 5 Spicy Wings,20pc Spicy Feast Deal,Blue Cheese Dip - Regular,Digital,WWT,ToGo
145533966,2830756398,Ranch Dip - Regular,20 pc Mixed Wings,Large Buffalo Fries,Digital,WWT,ToGo
369865551,7058100246,Ranch Dip - Regular,Fried Corn - Regular,Large Buffalo Fries,Digital,WWT,ToGo
829177060,2947375396,Dipping Sauce,10 pc Spicy Wings Combo,10 pc Grilled Wings Combo,Digital,WWT,ToGo
840283816,5717084269,6 pc Grilled Wings Combo,10 pc Mixed Wings Combo,10 pc Spicy Wings Combo,Digital,WWT,ToGo
946523371,10304715,Ranch Dip - Large,Chicken Sub Combo,32 Oz Soda,Digital,WWT,ToGo
822161531,9542471282,20 pc Mixed Wings,20pc Spicy Feast Deal,Regular Buffalo Fries,Digital,WWT,ToGo
702350079,5200412964,24 pc Family Grilled Wings,4 pc Crispy Strips,10 pc Spicy Wings,Digital,WWT,ToGo
948225412,6806712765,Ranch Dip - Large,Fried Corn - Regular,4 pc Crispy Strips,Digital,WWT,ToGo
395172543,5621871691,Regular Buffalo Fries,15 pc Spicy Wings,Large Buffalo Fries,Digital,WWT,ToGo
493000944,4969171459,10 pc Grilled Wings Combo,8 pc Grilled Wings Combo,Veggie Sticks Spicy,Digital,WWT,ToGo
258115080,205348647,Large Buffalo Fries,6 pc Strips Meal for 2,Chicken Sub,Digital,WWT,ToGo
76205072,5949595841,6 pc Grilled Wings Combo,Ranch Dip - Regular,Chicken Sub Combo,Digital,WWT,ToGo
985398096,3134908072,15 pc Spicy Wings,20 pc Grilled Wings,Cheese Fries - Large,Digital,WWT,ToGo
528421418,2245282830,Add 5 Grilled Wings,2 pc Crispy Strips,20pc Spicy Feast Deal,Digital,WWT,ToGo
534055810,8411432964,10 pc Grilled Wings,Fried Corn - Regular,10 pc Spicy Wings,Digital,WWT,ToGo
207475094,2212713985,Large Buffalo Fries,20 pc Grilled Wings,Ranch Dip - Regular,Digital,WWT,ToGo
865300303,1825900796,Flavor Platter,Dipping Sauce,2 pc Crispy Strips,Digital,WWT,ToGo
448180164,7056147825,100 pc Family Spicy Wings,Cheese Dip - Large,50 pc Family Spicy Wings,Digital,WWT,ToGo
133986702,3865155854,15 pc Grilled Wings,Voodoo Fries - Regular,Ranch Dip - Regular,Digital,WWT,ToGo
618529034,2809974464,Regular Buffalo Fries,7 pc Crispy Strips,Ranch Dip - Regular,Digital,WWT,ToGo
235649333,6822048317,10 pc Spicy Wings,Regular Buffalo Fries,Ranch Dip - Regular,Digital,WWT,ToGo
286692102,7086279196,8 pc Spicy Wings Combo,15 pc Grilled Wings,Blue Cheese Dip - Regular,Digital,WWT,ToGo
501704747,1080901131,Ranch Dip - Regular,10 pc Spicy Wings,2 pc Crispy Strips,Digital,WWT,ToGo
315918033,1268364080,Ranch Dip - Regular,Regular Buffalo Fries,2 pc Crispy Strips,Digital,WWT,ToGo
186831072,1080281570,Regular Buffalo Fries,Large Buffalo Fries,30 pc Grilled Wings,Digital,WWT,ToGo
139622147,2136740251,8 pc Spicy Wings Combo,Ranch Dip - Regular,20 Oz Soda,Digital,WWT,ToGo
422896212,6856514956,Add 5 Grilled Wings,Ranch Dip - Regular,10 pc Mixed Wings,Digital,WWT,ToGo
613641739,2178455352,6 pc Grilled Wings Combo,8 pc Grilled Wings Combo,8 pc Spicy Wings Combo,Digital,WWT,ToGo
238232271,2662017729,20pc Spicy Feast Deal,8 pc Grilled Wings Combo,Fried Corn - Large,Digital,WWT,ToGo
153963067,8746830457,30 pc Family Grilled Wings,Chicken Sub,Regular Buffalo Fries,Digital,WWT,ToGo
457144511,5707522838,Regular Buffalo Fries,Fried Corn - Regular,Ranch Dip - Regular,Digital,WWT,ToGo
946799321,4840008190,10 pc Grilled Wings Combo,Honey Mustard Dip - Regular,Veggie Sticks,Digital,WWT,ToGo
632698702,7698022159,10 pc Grilled Wings Combo,Ranch Dip - Regular,Chicken Sub,Digital,WWT,ToGo
1775113,6036140536,4 pc Crispy Strips,10 pc Mixed Wings Combo,10 pc Spicy Wings Combo,Digital,WWT,ToGo
751750796,5379223168,25 pc Game Day Pack,Chicken Sub,2 pc Crispy Strips,Digital,WWT,ToGo
805242993,7084612458,Blue Cheese Dip - Regular,Large Buffalo Fries,32 Oz Soda,Digital,WWT,ToGo
178137780,5799185747,Ranch Dip - Regular,Large Buffalo Fries,10 pc Grilled Wings,Digital,WWT,ToGo
574635072,1075535733,20 pc Grilled Wings,20pc Spicy Feast Deal,Veggie Sticks,Digital,WWT,ToGo
195677449,8615293667,10 pc Spicy Wings,Ranch Dip - Regular,Veggie Sticks Spicy,Digital,WWT,ToGo
539777591,1545723882,6 pc Grilled Wings Combo,Add 5 Grilled Wings,15 pc Grilled Wings,Digital,WWT,ToGo
495386739,2249743423,Fried Corn - Regular,Add 5 Spicy Wings,Veggie Sticks Spicy,Digital,WWT,ToGo
756507070,8079647515,Large Buffalo Fries,50 pc Grilled Wings,Ranch Dip - Large,Digital,WWT,ToGo
238999423,9894137829,Ranch Dip - Large,15 pc Spicy Wings,10 pc Spicy Wings,Digital,WWT,ToGo
877256472,975026770,Ranch Dip - Regular,10 pc Grilled Wings Combo,Chicken Sub Combo,Digital,WWT,ToGo
162075107,865567508,10 pc Spicy Wings Combo,Veggie Sticks Spicy,7 pc Crispy Strips,Digital,WWT,ToGo
341197609,9413963808,Veggie Sticks Spicy,Ranch Dip - Regular,15 pc Grilled Wings,Digital,WWT,ToGo
604969268,4438125056,10 pc Grilled Wings Combo,Fried Corn - Regular,Add 5 Spicy Wings,Digital,WWT,ToGo
459476791,7798663791,15 pc Grilled Wings,Regular Buffalo Fries,20pc Spicy Feast Deal,Digital,WWT,ToGo
645398112,5523082689,Flavor Platter,Regular Buffalo Fries,7 pc Crispy Strips,Digital,WWT,ToGo
329674061,4719128119,2 pc Crispy Strips,10 pc Grilled Wings Combo,Fried Corn - Large,Digital,WWT,ToGo
293594508,3919270379,Chicken Sub Combo,6 pc Grilled Wings Combo,Ranch Dip - Regular,Digital,WWT,ToGo
271002769,6887117000,Fried Corn - Regular,6 pc Spicy Wings Combo,Dipping Sauce,Digital,WWT,ToGo
330188707,9168479007,6 pc Grilled Wings Combo,Ranch Dip - Regular,8 pc Spicy Wings Combo,Digital,WWT,ToGo
703660536,7702240576,30 pc Family Grilled Wings,2 pc Crispy Strips,Add 5 Spicy Wings,Digital,WWT,ToGo
321094118,9174727995,10 pc Mixed Wings Combo,Veggie Sticks Spicy,2 pc Crispy Strips,Digital,WWT,ToGo
549548713,4210496609,Large Veggie Sticks Spicy,Ranch Dip - Large,10 pc Grilled Wings,Digital,WWT,ToGo
491059966,2084757272,Fried Corn - Regular,2 pc Crispy Strips,24 pc Family Grilled Wings,Digital,WWT,ToGo
50359042,3054122522,2 pc Crispy Strips,8 pc Crispy Strips Combo,8 pc Grilled Wings Combo,Digital,WWT,ToGo
268790141,3731883966,Regular Buffalo Fries,Fried Corn - Regular,20pc Spicy Feast Deal,Digital,WWT,ToGo
37237275,3532778112,Fried Corn - Regular,Regular Buffalo Fries,Chicken Sub,Digital,WWT,ToGo
165788543,7000527344,10 pc Mixed Wings,Large Buffalo Fries,15 pc Spicy Wings,Digital,WWT,ToGo
80786157,3031946103,Regular Buffalo Fries,20 Oz Soda,10 pc Grilled Wings Combo,Digital,WWT,ToGo
618221104,2085578287,Large Fruit Punch,Regular Buffalo Fries,6 pc Grilled Wings Combo,Digital,WWT,ToGo
657101543,1454505686,6 pc Grilled Wings Combo,5 pc Crispy Strips Combo,10 pc Grilled Wings Combo,Digital,WWT,ToGo
87471971,6882754725,Ranch Dip - Regular,20 pc Grilled Wings,Large Buffalo Fries,Digital,WWT,ToGo
31776797,4183851135,Veggie Sticks,20 pc Grilled Wings,15 pc Spicy Wings,Digital,WWT,ToGo
655655109,8517270013,Chicken Sub Combo,Veggie Sticks Spicy,Ranch Dip - Large,Digital,WWT,ToGo
542206341,5684502284,8 pc Spicy Wings Combo,6 pc Spicy Wings Combo,Ranch Dip - Regular,Digital,WWT,ToGo
865951221,9517647699,Add 5 Grilled Wings,Veggie Sticks,4 pc Crispy Strips,Digital,WWT,ToGo
608387538,6147345626,8 pc Grilled Wings Combo,20 Oz Soda,20pc Spicy Feast Deal,Digital,WWT,ToGo
810007994,9876264347,Ranch Dip - Regular,Add 5 Spicy Wings,4 pc Crispy Strips,Digital,WWT,ToGo
237417656,537222391,40 pc Family Grilled Wings,2 pc Crispy Strips,Dipping Sauce,Digital,WWT,ToGo
18215716,7770307932,Add 5 Spicy Wings,15 pc Grilled Wings Combo,Ranch Dip - Regular,Digital,WWT,ToGo
664194291,9093101396,Fried Corn - Regular,10 pc Spicy Wings Combo,8 pc Grilled Wings Combo,Digital,WWT,ToGo
434105418,7011445251,Large Buffalo Fries,Large Buffalo Fries,50 pc Mixed Wings,Digital,WWT,ToGo
999144470,1728450601,10 pc Grilled Wings Combo,2 pc Crispy Strips,8 pc Grilled Wings Combo,Digital,WWT,ToGo
510747814,9994959258,2 pc Crispy Strips,Veggie Sticks Spicy,Cheese Dip - Medium,Digital,WWT,ToGo
738888561,6163386764,Ranch Dip - Regular,Chicken Sub,10 pc Grilled Wings,Digital,WWT,ToGo
104442280,5249892753,Veggie Sticks,Ranch Dip - Regular,Regular Buffalo Fries,Digital,WWT,ToGo
997867418,9022431604,20 Oz Soda,25 pc Game Day Pack,Ranch Dip - Large,Digital,WWT,ToGo
682016471,5932543844,6 pc Strips Meal for 2,Blue Cheese Dip - Regular,2 pc Crispy Strips,Digital,WWT,ToGo
121423151,259381296,Regular Buffalo Fries,2 pc Crispy Strips,Ranch Dip - Regular,Digital,WWT,ToGo
89991151,1503107562,Large Buffalo Fries,50 pc Family Grilled Wings,Cheese Dip - Large,Digital,WWT,ToGo
934522839,7139989048,Honey Mustard Dip - Regular,15 pc Grilled Wings Combo,Fried Corn - Regular,Digital,WWT,ToGo
21896473,8760482431,20pc Spicy Feast Deal,Ranch Dip - Regular,Cheese Fries - Regular,Digital,WWT,ToGo
666980741,611788846,8 pc Grilled Wings Combo,10 pc Grilled Wings,3 pc Crispy Strips Combo,Digital,WWT,ToGo
503459037,6560374981,Voodoo Fries - Large,15 pc Spicy Wings,Ranch Dip - Regular,Digital,WWT,ToGo
707418381,1949558091,7 pc Crispy Strips,Chicken Sub Combo,Ranch Dip - Large,Digital,WWT,ToGo
349618946,2831402892,Honey Mustard Dip - Regular,20pc Spicy Feast Deal,4 pc Crispy Strips,Digital,WWT,ToGo
538941731,47708277,Ranch Dip - Regular,Fried Corn - Regular,7 pc Crispy Strips,Digital,WWT,ToGo
596027475,5689640368,10 pc Spicy Wings Combo,6 pc Grilled Wings Combo,Fried Corn - Large,Digital,WWT,ToGo
278997156,8578506629,6 pc Grilled Wings Combo,Regular Buffalo Fries,15 pc Spicy Wings,Digital,WWT,ToGo
911678121,9180642088,15 pc Grilled Wings Combo,4 pc Crispy Strips,Large Veggie Sticks Spicy,Digital,WWT,ToGo
122678877,669155084,24 pc Family Grilled Wings,Veggie Sticks,Ranch Dip - Regular,Digital,WWT,ToGo
963812521,7624805553,15 pc Grilled Wings,Large Veggie Sticks Spicy,Large Buffalo Fries,Digital,WWT,ToGo
266669847,4698972736,Chicken Sub Combo,Ranch Dip - Large,Fried Corn - Regular,Digital,WWT,ToGo
441827757,372297477,Ranch Dip - Regular,20 pc Spicy Wings,Fried Corn - Regular,Digital,WWT,ToGo
758317012,9425921603,10 pc Spicy Wings,10 pc Grilled Wings,Regular Buffalo Fries,Digital,WWT,ToGo
998083572,6803182129,10 pc Spicy Wings Combo,Chicken Sub,10 pc Grilled Wings Combo,Digital,WWT,ToGo
71807465,8958634456,4 pc Crispy Strips,Honey Mustard Dip - Regular,10 pc Grilled Wings,Digital,WWT,ToGo
949861050,2613680475,6 pc Grilled Wings Combo,Carrot Sticks,20pc Spicy Feast Deal,Digital,WWT,ToGo
125809610,4203606663,Ranch Dip - Regular,Add 5 Spicy Wings,Chicken Sub,Digital,WWT,ToGo
893355849,7671508869,10 pc Grilled Wings Combo,Chicken Sub,6 pc Grilled Wings Combo,Digital,WWT,ToGo
409492037,4324279990,20 pc Grilled Wings,Regular Buffalo Fries,Honey Mustard Dip - Regular,Digital,WWT,ToGo
744647367,2093937731,Large Veggie Sticks Spicy,8 pc Grilled Wings Combo,Blue Cheese Dip - Regular,Digital,WWT,ToGo
186767073,9555328985,Ranch Dip - Regular,10 pc Mixed Wings,6 pc Grilled Wings Combo,Digital,WWT,ToGo
269072152,7370820866,Fried Corn - Regular,20 pc Grilled Wings,Large Buffalo Fries,Digital,WWT,ToGo
790139464,4205875203,30 pc Family Grilled Wings,Large Buffalo Fries,Ranch Dip - Large,Digital,WWT,ToGo
772396660,5419114091,Large Veggie Sticks Spicy,Ranch Dip - Large,8 pc Grilled Wings Combo,Digital,WWT,ToGo
403788426,7180339239,Ranch Dip - Regular,Add 5 Spicy Wings,15 pc Spicy Wings,Digital,WWT,ToGo
574719293,2700390696,10 pc Grilled Wings,Ranch Dip - Regular,32 Oz Soda,Digital,WWT,ToGo
884958844,8954123244,7 pc Crispy Strips,Ranch Dip - Regular,Chicken Sub,Digital,WWT,ToGo
654457402,7806033525,Ranch Dip - Regular,8 pc Grilled Wings Combo,6 pc Spicy Wings Combo,Digital,WWT,ToGo
686356595,5332500654,40 pc Family Mixed Wings,Large Buffalo Fries,2 pc Crispy Strips,Digital,WWT,ToGo
761589908,1050383316,Regular Buffalo Fries,10 pc Grilled Wings,Ranch Dip - Regular,Digital,WWT,ToGo
728198877,535287654,30 pc Family Mixed Wings,Cheese Dip - Medium,Fried Corn - Regular,Digital,WWT,ToGo
144876623,9656080838,Ranch Dip - Large,2 pc Crispy Strips,10 pc Grilled Wings Combo,Digital,WWT,ToGo
438838059,82294768,15 pc Spicy Wings,10 pc Spicy Wings,Ranch Dip - Regular,Digital,WWT,ToGo
952976896,2881013776,Ranch Dip - Regular,10 pc Spicy Wings Combo,6 pc Grilled Wings Combo,Digital,WWT,ToGo
626916782,5652209528,Ranch Dip - Large,32 Oz Soda,30 pc Family Spicy Wings,Digital,WWT,ToGo
966591485,4701348911,Fried Corn - Regular,20 pc Grilled Wings,Voodoo Fries - Large,Digital,WWT,ToGo
75129874,4419583236,50 pc Grilled Wings,Fried Corn - Large,Large Veggie Sticks Spicy,Digital,WWT,ToGo
652081163,1185621145,20pc Spicy Feast Deal,Ranch Dip - Regular,2 pc Crispy Strips,Digital,WWT,ToGo
611185104,4252386472,Ranch Dip - Regular,20pc Spicy Feast Deal,Regular Buffalo Fries,Digital,WWT,ToGo
816288103,4779394745,Ranch Dip - Large,10 pc Spicy Wings Combo,Chicken Sub Combo,Digital,WWT,ToGo
212568507,8950233928,Ranch Dip - Large,15 pc Grilled Wings Combo,Buffalo Fries,Digital,WWT,ToGo
906774409,6190027165,32 Oz Soda,20pc Spicy Feast Deal,8 pc Spicy Wings Combo,Digital,WWT,ToGo
297703290,1159134518,Large Buffalo Fries,Add 5 Spicy Wings,10 pc Spicy Wings,Digital,WWT,ToGo
451722368,2724009354,Chicken Sub,Regular Buffalo Fries,Ranch Dip - Large,Digital,WWT,ToGo
859691862,1654456049,10 pc Grilled Wings Combo,6 pc Grilled Wings Combo,Ranch Dip - Regular,Digital,WWT,ToGo
646843629,5393176549,Ranch Dip - Regular,2 pc Crispy Strips,10 pc Spicy Wings Combo,Digital,WWT,ToGo
759071710,8217249975,20pc Spicy Feast Deal,Triple Chocolate Cake,Blue Cheese Dip - Regular,Digital,WWT,ToGo
699365360,259464238,5 pc Crispy Strips Combo,10 pc Grilled Wings Combo,Ranch Dip - Regular,Digital,WWT,ToGo
768103555,2320507812,Add 5 Grilled Wings,Chicken Sub,Honey Mustard Dip - Regular,Digital,WWT,ToGo
19022927,8419656995,20 pc Grilled Wings,20pc Spicy Feast Deal,Ranch Dip - Large,Digital,WWT,ToGo
764351212,5052218810,30 pc Family Grilled Wings,Regular Buffalo Fries,Fried Corn - Large,Digital,WWT,ToGo
368273775,3618787551,Add 5 Grilled Wings,10 pc Grilled Wings,Ranch Dip - Regular,Digital,WWT,ToGo
646605683,2364812863,Voodoo Fries - Regular,Ranch Dip - Regular,Fried Corn - Regular,Digital,WWT,ToGo
466684892,9071741090,Ranch Dip - Regular,6 pc Grilled Wings Combo,8 pc Grilled Wings Combo,Digital,WWT,ToGo
976003011,7149467494,Ranch Dip - Regular,20pc Spicy Feast Deal,Regular Buffalo Fries,Digital,WWT,ToGo
8459779,1701147152,Regular Buffalo Fries,15 pc Spicy Wings,10 pc Spicy Wings,Digital,WWT,ToGo
14195453,1823126471,Voodoo Fries - Regular,10 pc Spicy Wings,10 pc Grilled Wings,Digital,WWT,ToGo
607878209,5084980857,10 pc Grilled Wings,Ranch Dip - Regular,Regular Buffalo Fries,Digital,WWT,ToGo
862700405,1643867472,Ranch Dip - Regular,5 pc Crispy Strips Combo,Large Buffalo Fries,Digital,WWT,ToGo
911490520,4156759277,Fried Corn - Large,Ranch Dip - Regular,Regular Buffalo Fries,Digital,WWT,ToGo
185718291,7441080168,Add 5 Grilled Wings,Large Buffalo Fries,Honey Mustard Dip - Regular,Digital,WWT,ToGo
160856446,4187154551,10 pc Spicy Wings,Ranch Dip - Regular,30 pc Family Grilled Wings,Digital,WWT,ToGo
66073318,2973744073,2 pc Crispy Strips,10 pc Spicy Wings,Ranch Dip - Regular,Digital,WWT,ToGo
767973667,7273483976,8 pc Grilled Wings Combo,2 pc Crispy Strips,Ranch Dip - Large,Digital,WWT,ToGo
130208692,5364917317,10 pc Grilled Wings,15 pc Mixed Wings Combo,Ranch Dip - Regular,Digital,WWT,ToGo
746813255,8043173859,4 pc Crispy Strips,Ranch Dip - Regular,Fried Corn - Large,Digital,WWT,ToGo
836624898,4737640060,Chicken Sub Combo,Add 5 Spicy Wings,8 pc Spicy Wings Combo,Digital,WWT,ToGo
120452466,8858825974,Ranch Dip - Large,10 pc Spicy Wings,8 pc Spicy Wings Combo,Digital,WWT,ToGo
478405266,4994545499,10 pc Spicy Wings Combo,Ranch Dip - Regular,6 pc Grilled Wings Combo,Digital,WWT,ToGo
770544200,7689683783,Ranch Dip - Regular,8 pc Grilled Wings Combo,3 pc Crispy Strips Combo,Digital,WWT,ToGo
53871260,3411198475,Large Buffalo Fries,20pc Spicy Feast Deal,10 pc Spicy Wings,Digital,WWT,ToGo
521531429,70604594,Ranch Dip - Regular,10 pc Grilled Wings,20 pc Grilled Wings,Digital,WWT,ToGo
536807702,1507034645,15 pc Mixed Wings Combo,Dipping Sauce,6 pc Strips Meal for 2,Digital,WWT,ToGo
812996822,7888834332,8 pc Grilled Wings Combo,Honey Mustard Dip - Regular,10 pc Spicy Wings Combo,Digital,WWT,ToGo
963586826,8380919764,Regular Buffalo Fries,Ranch Dip - Large,15 pc Grilled Wings,Digital,WWT,ToGo
851037988,6822445460,Ranch Dip - Large,4 pc Crispy Strips,20pc Spicy Feast Deal,Digital,WWT,ToGo
915206357,3732411939,Fried Corn - Regular,10 pc Spicy Wings Combo,20 Oz Soda,Digital,WWT,ToGo
745165274,1923488668,Regular Buffalo Fries,Chicken Sub,Ranch Dip - Regular,Digital,WWT,ToGo
758694283,618291691,Ranch Dip - Regular,10 pc Grilled Wings,8 pc Grilled Wings Combo,Digital,WWT,ToGo
713525315,1092694676,Dipping Sauce,8 pc Spicy Wings Combo,Regular Buffalo Fries,Digital,WWT,ToGo
649325596,9364692067,6 pc Spicy Wings Combo,Regular Buffalo Fries,Dipping Sauce,Digital,WWT,ToGo
446654597,5161768194,5 pc Crispy Strips Combo,Ranch Dip - Regular,Large Veggie Sticks Spicy,Digital,WWT,ToGo
427924801,5908298048,Ranch Dip - Regular,10 pc Grilled Wings,7 pc Crispy Strips,Digital,WWT,ToGo
449452169,3370585795,6 pc Spicy Wings Combo,Ranch Dip - Regular,10 pc Spicy Wings Combo,Digital,WWT,ToGo
710637675,946319589,Fried Corn - Regular,8 pc Spicy Wings Combo,10 pc Spicy Wings Combo,Digital,WWT,ToGo
209052206,7411304720,Large Buffalo Fries,Chicken Sub,Chicken Sub Combo,Digital,WWT,ToGo
168662328,4677390738,Fried Corn - Large,24 pc Family Spicy Wings,Regular Buffalo Fries,Digital,WWT,ToGo
692168764,273860650,Add 5 Grilled Wings,20pc Spicy Feast Deal,Blue Cheese Dip - Regular,Digital,WWT,ToGo
919445409,7403751667,10 pc Grilled Wings Combo,4 pc Crispy Strips,Regular Buffalo Fries,Digital,WWT,ToGo
752881091,7319050711,Large Buffalo Fries,32 Oz Soda,10 pc Spicy Wings,Digital,WWT,ToGo
756354273,5641766138,Flavor Platter,Ranch Dip - Regular,15 pc Grilled Wings,Digital,WWT,ToGo
217635530,9903102409,Veggie Sticks Spicy,20pc Spicy Feast Deal,Large Buffalo Fries,Digital,WWT,ToGo
324291585,3142443485,10 pc Grilled Wings,Large Buffalo Fries,10 pc Spicy Wings,Digital,WWT,ToGo
620306087,1880225523,Veggie Sticks Spicy,Large Buffalo Fries,Flavor Platter,Digital,WWT,ToGo
410664547,979822142,10 pc Grilled Wings Combo,Ranch Dip - Regular,6 pc Grilled Wings Combo,Digital,WWT,ToGo
437550182,3878451767,15 pc Grilled Wings,Large Buffalo Fries,Blue Cheese Dip - Large,Digital,WWT,ToGo
714828381,2086190050,Fried Corn - Large,Ranch Dip - Regular,Large Fruit Punch,Digital,WWT,ToGo
289872773,6715395470,Chicken Sub,10 pc Spicy Wings,Ranch Dip - Regular,Digital,WWT,ToGo
859207634,1738379908,Ranch Dip - Large,10 pc Grilled Wings,Cheese Fries - Regular,Digital,WWT,ToGo
777050823,9574182828,8 pc Grilled Wings Combo,6 pc Grilled Wings Combo,Fried Corn - Regular,Digital,WWT,ToGo
53842072,33185833,20 pc Grilled Wings,Ranch Dip - Regular,2 pc Crispy Strips,Digital,WWT,ToGo
495352879,3866738814,Ranch Dip - Large,Triple Chocolate Cake,10 pc Spicy Wings,Digital,WWT,ToGo
222121693,695591194,Add 5 Grilled Wings,15 pc Grilled Wings Combo,Regular Buffalo Fries,Digital,WWT,ToGo
525044361,6234780227,Fried Corn - Regular,Ranch Dip - Regular,15 pc Grilled Wings Combo,Digital,WWT,ToGo
61671957,5996504564,Ranch Dip - Regular,Add 5 Grilled Wings,20pc Spicy Feast Deal,Digital,WWT,ToGo
267952548,5810339034,Veggie Sticks Spicy,10 pc Grilled Wings Combo,2 pc Crispy Strips,Digital,WWT,ToGo
974471385,810226928,20pc Spicy Feast Deal,Chicken Sub,Large Veggie Sticks Spicy,Digital,WWT,ToGo
622357146,1485257010,6 pc Spicy Wings Combo,15 pc Grilled Wings,Ranch Dip - Large,Digital,WWT,ToGo
897824618,2819565840,6 pc Strips Meal for 2,8 pc Grilled Wings Combo,10 pc Grilled Wings Combo,Digital,WWT,ToGo
322629126,4005714505,20pc Spicy Feast Deal,Ranch Dip - Regular,10 pc Spicy Wings,Digital,WWT,ToGo
257917487,1718852890,Honey Mustard Dip - Regular,20pc Spicy Feast Deal,Fried Corn - Large,Digital,WWT,ToGo
175351356,7817604370,Chicken Sub,Add 5 Spicy Wings,Ranch Dip - Regular,Digital,WWT,ToGo
689773469,2211951178,2 pc Crispy Strips,10 pc Grilled Wings,Blue Cheese Dip - Large,Digital,WWT,ToGo
227754535,7911258481,Add 5 Spicy Wings,Ranch Dip - Regular,Chicken Sub,Digital,WWT,ToGo
195445157,3897323240,Regular Buffalo Fries,32 Oz Soda,Cheese Fries - Regular,Digital,WWT,ToGo
756383486,5888699408,20pc Spicy Feast Deal,Fried Corn - Large,30 pc Grilled Wings,Digital,WWT,ToGo
866746465,843734867,10 pc Spicy Wings,Veggie Sticks Spicy,Large Buffalo Fries,Digital,WWT,ToGo
317051758,8678648026,15 pc Spicy Wings,10 pc Grilled Wings Combo,Ranch Dip - Large,Digital,WWT,ToGo
325527378,2291679795,Fried Corn - Large,8 pc Crispy Strips Combo,Cheese Dip - Medium,Digital,WWT,ToGo
815216424,845704570,3 pc Crispy Strips Combo,2 pc Crispy Strips,Fried Corn - Regular,Digital,WWT,ToGo
368432562,4457792472,6 pc Mixed Wings Combo,10 pc Mixed Wings Combo,8 pc Spicy Wings Combo,Digital,WWT,ToGo
687993759,9598598332,Large Buffalo Fries,Chicken Sub,Add 5 Grilled Wings,Digital,WWT,ToGo
262751148,5403972916,Cheese Fries - Large,4 pc Crispy Strips,Ranch Dip - Regular,Digital,WWT,ToGo
463584425,5210859975,Ranch Dip - Large,Large Buffalo Fries,2 pc Crispy Strips,Digital,WWT,ToGo
826854805,3493872275,10 pc Grilled Wings Combo,Ranch Dip - Regular,15 pc Grilled Wings,Digital,WWT,ToGo
980328615,3687052263,Flavor Platter,Fried Corn - Regular,20 Oz Soda,Digital,WWT,ToGo
129620366,3703047186,Fried Corn - Large,10 pc Grilled Wings Combo,Large Veggie Sticks,Digital,WWT,ToGo
87552861,7451586334,10 pc Grilled Wings Combo,8 pc Grilled Wings Combo,Fried Corn - Large,Digital,WWT,ToGo
917703095,5635930911,15 pc Spicy Wings,Fried Corn - Regular,Regular Buffalo Fries,Digital,WWT,ToGo
449367981,149194430,3 pc Crispy Strips Combo,6 pc Grilled Wings Combo,8 pc Grilled Wings Combo,Digital,WWT,ToGo
157620852,189700058,Regular Buffalo Fries,Flavor Platter,Fried Corn - Regular,Digital,WWT,ToGo
945003101,9902416399,Fried Corn - Large,6 pc Grilled Wings Combo,8 pc Grilled Wings Combo,Digital,WWT,ToGo
6450756,7123011493,Fried Corn - Large,Chicken Sub,Large Buffalo Fries,Digital,WWT,ToGo
868901765,8579149558,Fried Corn - Large,4 pc Crispy Strips,Ranch Dip - Regular,Digital,WWT,ToGo
429524654,9182909034,Chicken Sub,Ranch Dip - Large,Large Buffalo Fries,Digital,WWT,ToGo
221472051,9904341555,Add 5 Grilled Wings,Fried Corn - Regular,Ranch Dip - Large,Digital,WWT,ToGo
458842827,161016703,Ranch Dip - Regular,5 pc Crispy Strips Combo,10 pc Spicy Wings Combo,Digital,WWT,ToGo
113008173,6246409026,Ranch Dip - Regular,Fried Corn - Regular,20 Oz Soda,Digital,WWT,ToGo
57587803,4249966598,Cheese Dip - Medium,10 pc Grilled Wings Combo,Drink Upgrade,Digital,WWT,ToGo
554691087,5761345857,7 pc Crispy Strips,Ranch Dip - Regular,10 pc Grilled Wings,Digital,WWT,ToGo
566583111,2677403846,Ranch Dip - Regular,6 pc Grilled Wings Combo,10 pc Grilled Wings,Digital,WWT,ToGo
682663568,2929188397,20 pc Grilled Wings,7 pc Crispy Strips,Fried Corn - Large,Digital,WWT,ToGo
193203151,4073275741,32 Oz Soda,Triple Chocolate Cake,Large Veggie Sticks Spicy,Digital,WWT,ToGo
415538640,64684542,Cheese Fries - Regular,Add 5 Grilled Wings,7 pc Crispy Strips,Digital,WWT,ToGo
955479241,9873278175,Large Buffalo Fries,Blue Cheese Dip - Regular,10 pc Spicy Wings,Digital,WWT,ToGo
957361868,1091012853,10 pc Grilled Wings,Blue Cheese Dip - Regular,Regular Buffalo Fries,Digital,WWT,ToGo
523614277,3678864067,Regular Buffalo Fries,5 pc Crispy Strips Combo,Ranch Dip - Regular,Digital,WWT,ToGo
973871811,4014744899,15 pc Grilled Wings,Regular Buffalo Fries,Honey Mustard Dip - Regular,Digital,WWT,ToGo
795795052,195530503,15 pc Grilled Wings,Ranch Dip - Regular,Add 5 Grilled Wings,Digital,WWT,ToGo
934027151,1380255862,10 pc Grilled Wings Combo,32 Oz Soda,Ranch Dip - Regular,Digital,WWT,ToGo
608611161,3330312221,Ranch Dip - Large,7 pc Crispy Strips,40 pc Family Grilled Wings,Digital,WWT,ToGo
911918093,7825505059,5 pc Crispy Strips Combo,3 pc Crispy Strips Combo,Fried Corn - Large,Digital,WWT,ToGo
623755486,89246613,Ranch Dip - Regular,Chicken Sub,Large Buffalo Fries,Digital,WWT,ToGo
970435241,5988110499,Fried Corn - Regular,15 pc Mixed Wings,Ranch Dip - Large,Digital,WWT,ToGo
174940085,3425989631,Voodoo Fries - Regular,10 pc Grilled Wings,Add 5 Spicy Wings,Digital,WWT,ToGo
321653444,9129739719,Ranch Dip - Large,25 pc Game Day Pack,Regular Buffalo Fries,Digital,WWT,ToGo
103248341,3153984013,Ranch Dip - Regular,10 pc Grilled Wings,Regular Buffalo Fries,Digital,WWT,ToGo
615532126,7552433392,Triple Chocolate Cake,Chicken Sub,20pc Spicy Feast Deal,Digital,WWT,ToGo
450093457,7877461865,Ranch Dip - Large,Chicken Sub Combo,6 pc Spicy Wings Combo,Digital,WWT,ToGo
880760619,3134091315,Ranch Dip - Large,20pc Spicy Feast Deal,Large Buffalo Fries,Digital,WWT,ToGo
397747481,5433442772,20pc Spicy Feast Deal,Voodoo Fries - Large,10 pc Grilled Wings Combo,Digital,WWT,ToGo
415422291,6943924195,8 pc Grilled Wings Combo,Chicken Sub,Chicken Sub Combo,Digital,WWT,ToGo
202158103,3566623091,Add 5 Spicy Wings,2 pc Crispy Strips,20pc Spicy Feast Deal,Digital,WWT,ToGo
575371964,779002209,Ranch Dip - Regular,Large Buffalo Fries,Fried Corn - Large,Digital,WWT,ToGo
329572708,6600463412,Veggie Sticks,Ranch Dip - Regular,10 pc Grilled Wings,Digital,WWT,ToGo
86219496,9294151036,Cheese Dip - Regular,10 pc Spicy Wings,20pc Spicy Feast Deal,Digital,WWT,ToGo
386518203,3598193603,Ranch Dip - Large,10 pc Grilled Wings Combo,Fried Corn - Large,Digital,WWT,ToGo
563812737,4184105911,8 pc Grilled Wings Combo,Ranch Dip - Regular,6 pc Grilled Wings Combo,Digital,WWT,ToGo
938626764,5865107623,Regular Buffalo Fries,Ranch Dip - Regular,10 pc Spicy Wings,Digital,WWT,ToGo
53289142,2564428242,6 pc Spicy Wings Combo,8 pc Grilled Wings Combo,Honey Mustard Dip - Regular,Digital,WWT,ToGo
676803784,8720474381,30 pc Mixed Wings,Ranch Dip - Regular,Regular Buffalo Fries,Digital,WWT,ToGo
499291047,402049448,Chicken Sub Combo,25 pc Game Day Pack,Ranch Dip - Regular,Digital,WWT,ToGo
230389723,2580653930,Add 5 Spicy Wings,Ranch Dip - Large,20pc Spicy Feast Deal,Digital,WWT,ToGo
633868803,1662201650,Ranch Dip - Regular,8 pc Grilled Wings Combo,2 pc Crispy Strips,Digital,WWT,ToGo
339644701,3122160570,Regular Buffalo Fries,10 pc Spicy Wings,Add 5 Spicy Wings,Digital,WWT,ToGo
623349349,4892284959,Large Buffalo Fries,Ranch Dip - Regular,Chicken Sub,Digital,WWT,ToGo
251956256,9765325485,Chicken Sub Combo,6 pc Grilled Wings Combo,10 pc Spicy Wings Combo,Digital,WWT,ToGo
717724872,8286138593,Fried Corn - Large,15 pc Grilled Wings,Regular Buffalo Fries,Digital,WWT,ToGo
216933344,5908404250,Regular Buffalo Fries,10 pc Spicy Wings Combo,6 pc Spicy Wings Combo,Digital,WWT,ToGo
646434146,9980257104,4 pc Crispy Strips,Ranch Dip - Regular,Large Buffalo Fries,Digital,WWT,ToGo
96300197,8104541214,Veggie Sticks Spicy,3 Strips Lunch,Ranch Dip - Large,Digital,WWT,ToGo
605308343,7804082815,Dipping Sauce,Buffalo Fries,10 pc Grilled Wings Combo,Digital,WWT,ToGo
656721128,6088506731,6 pc Grilled Wings Combo,8 pc Spicy Wings Combo,Ranch Dip - Regular,Digital,WWT,ToGo
224542542,6960438243,Fried Corn - Large,Chicken Sub Combo,Add 5 Spicy Wings,Digital,WWT,ToGo
595034788,4986192894,Fried Corn - Large,20pc Spicy Feast Deal,Large Fruit Punch,Digital,WWT,ToGo
391414991,3912785177,Flavor Platter,32 Oz Soda,Carrot Sticks,Digital,WWT,ToGo
324677010,4723415444,32 Oz Soda,Ranch Dip - Large,4 pc Crispy Strips,Digital,WWT,ToGo
417607402,9944971039,20pc Spicy Feast Deal,Add 5 Spicy Wings,2 pc Crispy Strips,Digital,WWT,ToGo
894858320,3937681639,Large Buffalo Fries,4 pc Crispy Strips,32 Oz Soda,Digital,WWT,ToGo
332236134,2592912829,Ranch Dip - Regular,Regular Buffalo Fries,10 pc Spicy Wings,Digital,WWT,ToGo
64414656,9561668311,Ranch Dip - Regular,10 pc Grilled Wings,Veggie Sticks Spicy,Digital,WWT,ToGo
424828786,5080199919,Large Buffalo Fries,Fried Corn - Large,Large Fruit Punch,Digital,WWT,ToGo
646703146,7723429852,Flavor Platter,Fried Corn - Regular,Blue Cheese Dip - Regular,Digital,WWT,ToGo
549872455,4446614197,15 pc Grilled Wings,2 pc Crispy Strips,Voodoo Fries - Regular,Digital,WWT,ToGo
968736911,9468148005,Ranch Dip - Regular,32 Oz Soda,Regular Buffalo Fries,Digital,WWT,ToGo
550649966,4694297946,Large Veggie Sticks Spicy,10 pc Grilled Wings,Ranch Dip - Regular,Digital,WWT,ToGo
738683097,3808930561,15 pc Grilled Wings,Large Buffalo Fries,Add 5 Grilled Wings,Digital,WWT,ToGo
203712731,6982374850,10 pc Grilled Wings Combo,Ranch Dip - Regular,10 pc Grilled Wings,Digital,WWT,ToGo
681198631,8468810171,6 pc Spicy Wings Combo,Chicken Sub,Regular Buffalo Fries,Digital,WWT,ToGo
182944548,8601280066,Large Buffalo Fries,10 pc Spicy Wings,Ranch Dip - Regular,Digital,WWT,ToGo
833663416,1050374471,10 pc Grilled Wings,2 pc Crispy Strips,Ranch Dip - Large,Digital,WWT,ToGo
547203527,9941791640,10 pc Spicy Wings,Voodoo Fries - Large,6 pc Spicy Wings Combo,Digital,WWT,ToGo
937567045,7345676210,4 pc Crispy Strips,Ranch Dip - Regular,Add 5 Grilled Wings,Digital,WWT,ToGo
964798610,7828339133,Cheese Dip - Regular,Fried Corn - Large,Flavor Platter,Digital,WWT,ToGo
289675025,8384181700,Fried Corn - Large,40 pc Family Mixed Wings,3 pc Crispy Strips Combo,Digital,WWT,ToGo
707414765,5514030001,Add 5 Spicy Wings,Voodoo Fries - Large,Large Fruit Punch,Digital,WWT,ToGo
175417408,4332647365,32 Oz Soda,6 pc Strips Meal for 2,2 pc Crispy Strips,Digital,WWT,ToGo
486674052,8869495661,Large Buffalo Fries,Cheese Dip - Regular,50 pc Family Mixed Wings,Digital,WWT,ToGo
38437793,9943402234,2 pc Crispy Strips,Add 5 Spicy Wings,Ranch Dip - Regular,Digital,WWT,ToGo
671222138,9578744084,10 pc Spicy Wings,15 pc Spicy Wings,10 pc Spicy Wings Combo,Digital,WWT,ToGo
206164086,4013390863,Regular Buffalo Fries,32 Oz Soda,Ranch Dip - Regular,Digital,WWT,ToGo
267268077,5528614490,32 Oz Soda,Large Buffalo Fries,10 pc Spicy Wings,Digital,WWT,ToGo
309838220,2615222419,10 pc Grilled Wings,Ranch Dip - Large,Fried Corn - Regular,Digital,WWT,ToGo
538487373,6763597486,Large Buffalo Fries,10 pc Grilled Wings,Ranch Dip - Regular,Digital,WWT,ToGo
58206613,148192143,Ranch Dip - Regular,6 pc Grilled Wings Combo,2 pc Crispy Strips,Digital,WWT,ToGo
738207544,7724635245,Ranch Dip - Regular,Regular Buffalo Fries,2 pc Crispy Strips,Digital,WWT,ToGo
44094108,9243918922,6 pc Grilled Wings Combo,10 pc Spicy Wings Combo,Dipping Sauce,Digital,WWT,ToGo
409575901,7399106759,2 pc Crispy Strips,Large Veggie Sticks Spicy,20pc Spicy Feast Deal,Digital,WWT,ToGo
565257723,8185688693,10 pc Grilled Wings,8 pc Crispy Strips Combo,Regular Buffalo Fries,Digital,WWT,ToGo
202271193,9075861896,25 pc Game Day Pack,Large Veggie Sticks Spicy,Ranch Dip - Large,Digital,WWT,ToGo
329166088,5067184636,Ranch Dip - Large,20pc Spicy Feast Deal,Carrot Sticks,Digital,WWT,ToGo
399504286,3284587094,Ranch Dip - Regular,Regular Buffalo Fries,Chicken Sub,Digital,WWT,ToGo
260947911,1326802209,20pc Spicy Feast Deal,8 pc Grilled Wings Combo,Regular Buffalo Fries,Digital,WWT,ToGo
793137869,3883173125,Ranch Dip - Regular,Regular Buffalo Fries,10 pc Spicy Wings,Digital,WWT,ToGo
131251895,5360506183,6 pc Grilled Wings Combo,6 pc Spicy Wings Combo,Chicken Sub,Digital,WWT,ToGo
360860655,6626762887,20 Oz Soda,6 pc Grilled Wings Combo,Fried Corn - Regular,Digital,WWT,ToGo
755160508,9205073417,Veggie Sticks Spicy,Regular Buffalo Fries,Dipping Sauce,Digital,WWT,ToGo
918912101,2563015607,Regular Buffalo Fries,Add 5 Spicy Wings,Ranch Dip - Regular,Digital,WWT,ToGo
13241760,3199758831,15 pc Crispy Strips,Large Buffalo Fries,Ranch Dip - Large,Digital,WWT,ToGo
760968123,887209725,8 pc Spicy Wings Combo,10 pc Grilled Wings Combo,20 Oz Soda,Digital,WWT,ToGo
569313467,5109343398,Fried Corn - Regular,15 pc Spicy Wings,20pc Spicy Feast Deal,Digital,WWT,ToGo
217982168,7641307244,6 pc Spicy Wings Combo,8 pc Spicy Wings Combo,Fried Corn - Regular,Digital,WWT,ToGo
393448697,6005522854,Cheese Fries - Large,10 pc Spicy Wings,15 pc Spicy Wings,Digital,WWT,ToGo
534545807,5182903773,8 pc Grilled Wings Combo,Ranch Dip - Regular,10 pc Grilled Wings Combo,Digital,WWT,ToGo
883715525,1850333276,6 pc Grilled Wings Combo,20pc Spicy Feast Deal,Dipping Sauce,Digital,WWT,ToGo
104870240,467100205,8 pc Spicy Wings Combo,20pc Spicy Feast Deal,20 Oz Soda,Digital,WWT,ToGo
432587169,88764602,Veggie Sticks Spicy,Large Buffalo Fries,Blue Cheese Dip - Large,Digital,WWT,ToGo
892008507,1614891405,10 pc Grilled Wings Combo,Blue Cheese Dip - Regular,2 pc Crispy Strips,Digital,WWT,ToGo
338138769,3239632003,3 pc Crispy Strips Combo,10 pc Spicy Wings Combo,6 pc Spicy Wings Combo,Digital,WWT,ToGo
479612742,7484730548,Ranch Dip - Regular,Chicken Sub Combo,2 pc Crispy Strips,Digital,WWT,ToGo
42614332,7463668969,Large Buffalo Fries,Ranch Dip - Large,10 pc Grilled Wings Combo,Digital,WWT,ToGo
744067176,8426959494,10 pc Grilled Wings Combo,Regular Buffalo Fries,Ranch Dip - Regular,Digital,WWT,ToGo
459375806,8328269437,2 pc Crispy Strips,Large Buffalo Fries,Cheese Dip - Large,Digital,WWT,ToGo
422449973,1201693840,20 Oz Soda,6 pc Strips Meal for 2,10 pc Grilled Wings,Digital,WWT,ToGo
716388952,2453493843,10 pc Grilled Wings Combo,7 pc Crispy Strips,Ranch Dip - Regular,Digital,WWT,ToGo
432592552,3414753082,Fried Corn - Regular,Ranch Dip - Regular,Triple Chocolate Cake,Digital,WWT,ToGo
920562649,2333712730,Large Buffalo Fries,Ranch Dip - Regular,Add 5 Spicy Wings,Digital,WWT,ToGo
593202879,3149103965,Large Buffalo Fries,25 pc Game Day Pack,Add 5 Spicy Wings,Digital,WWT,ToGo
669804817,3336849433,8 pc Grilled Wings Combo,Veggie Sticks Spicy,Chicken Sub Combo,Digital,WWT,ToGo
345062584,7653407549,8 pc Grilled Wings Combo,Ranch Dip - Regular,10 pc Grilled Wings,Digital,WWT,ToGo
438286479,9721237453,30 pc Family Grilled Wings,Chicken Sub,Cheese Fries - Regular,Digital,WWT,ToGo
951629460,2549934521,Ranch Dip - Regular,Regular Buffalo Fries,10 pc Grilled Wings Combo,Digital,WWT,ToGo
374285995,6962136703,Ranch Dip - Regular,20pc Spicy Feast Deal,10 pc Spicy Wings,Digital,WWT,ToGo
97444470,2880422375,8 pc Spicy Wings Combo,10 pc Grilled Wings Combo,10 pc Spicy Wings Combo,Digital,WWT,ToGo
536311416,2019851123,10 pc Grilled Wings,Ranch Dip - Regular,Regular Buffalo Fries,Digital,WWT,ToGo
10633371,7494287673,20 Oz Soda,Ranch Dip - Regular,15 pc Spicy Wings,Digital,WWT,ToGo
631328400,8239130646,50 pc Family Grilled Wings,2 pc Crispy Strips,Large Buffalo Fries,Digital,WWT,ToGo
953137851,7912691382,Chicken Sub,32 Oz Soda,7 pc Crispy Strips,Digital,WWT,ToGo
443182791,3861309319,Large Buffalo Fries,20 pc Spicy Wings,Carrot Sticks,Digital,WWT,ToGo
664695918,5126254748,20pc Spicy Feast Deal,Add 5 Spicy Wings,25 pc Game Day Pack,Digital,WWT,ToGo
95247989,7126607717,10 pc Spicy Wings,Cheese Fries - Regular,Ranch Dip - Large,Digital,WWT,ToGo
61304427,5383026715,Ranch Dip - Regular,32 Oz Soda,Cheese Fries - Regular,Digital,WWT,ToGo
810367546,289936185,Ranch Dip - Regular,Regular Buffalo Fries,Veggie Sticks Spicy,Digital,WWT,ToGo
482383700,9526730164,Large Buffalo Fries,8 pc Crispy Strips Combo,Cheese Dip - Regular,Digital,WWT,ToGo
974916653,6253220378,Ranch Dip - Regular,2 pc Crispy Strips,8 pc Grilled Wings Combo,Digital,WWT,ToGo
58890618,9032607052,5 pc Crispy Strips Combo,3 pc Crispy Strips Combo,10 pc Spicy Wings,Digital,WWT,ToGo
149990005,3035057133,Veggie Sticks,Blue Cheese Dip - Regular,8 pc Grilled Wings Combo,Digital,WWT,ToGo
955920643,9543331429,Voodoo Fries - Regular,15 pc Grilled Wings,6 pc Grilled Wings Combo,Digital,WWT,ToGo
689303580,2218756681,Ranch Dip - Regular,8 pc Spicy Wings Combo,3 pc Crispy Strips Combo,Digital,WWT,ToGo
140578576,2228460270,Ranch Dip - Regular,Large Buffalo Fries,10 pc Grilled Wings Combo,Digital,WWT,ToGo
393910074,9543859037,20 pc Grilled Wings,Ranch Dip - Regular,Regular Buffalo Fries,Digital,WWT,ToGo
224267046,3878460943,Ranch Dip - Large,Chicken Sub,10 pc Grilled Wings Combo,Digital,WWT,ToGo
385530207,4855291706,8 pc Grilled Wings Combo,4 pc Crispy Strips,Ranch Dip - Regular,Digital,WWT,ToGo
99823967,3267204473,Chicken Sub Combo,Ranch Dip - Regular,Veggie Sticks Spicy,Digital,WWT,ToGo
225372624,27104138,Ranch Dip - Regular,Large Buffalo Fries,15 pc Mixed Wings,Digital,WWT,ToGo
847794207,7813027761,20 pc Spicy Wings,Regular Buffalo Fries,20 pc Grilled Wings,Digital,WWT,ToGo
953934621,18776580,Dipping Sauce,6 pc Grilled Wings Combo,5 pc Crispy Strips Combo,Digital,WWT,ToGo
633780213,6133050031,10 pc Spicy Wings,Legendary Feast Bundle,Blue Cheese Dip - Regular,Digital,WWT,ToGo
12674273,1335627845,Ranch Dip - Large,Large Fruit Punch,10 pc Spicy Wings,Digital,WWT,ToGo
289882192,886184725,6 pc Spicy Wings Combo,Large Buffalo Fries,15 pc Spicy Wings,Digital,WWT,ToGo
484176499,4079870250,20pc Spicy Feast Deal,Triple Chocolate Cake,Large Fruit Punch,Digital,WWT,ToGo
34201489,7495555121,Fried Corn - Regular,Regular Buffalo Fries,20 Oz Soda,Digital,WWT,ToGo
254041029,1981957958,2 pc Crispy Strips,Voodoo Fries - Large,Ranch Dip - Regular,Digital,WWT,ToGo
115048047,3532465953,Fried Corn - Regular,8 pc Mixed Wings Combo,8 pc Grilled Wings Combo,Digital,WWT,ToGo
470830706,4003495044,Ranch Dip - Regular,10 pc Grilled Wings,10 pc Spicy Wings,Digital,WWT,ToGo
499447265,200367828,7 pc Crispy Strips,Fried Corn - Regular,Large Fruit Punch,Digital,WWT,ToGo
58294058,7974551519,Large Veggie Sticks Spicy,10 pc Grilled Wings,10 pc Grilled Wings Combo,Digital,WWT,ToGo
114857903,1583855891,2 pc Crispy Strips,Ranch Dip - Regular,Chicken Sub Combo,Digital,WWT,ToGo
649632078,9372715967,25 pc Game Day Pack,Ranch Dip - Large,10 pc Spicy Wings,Digital,WWT,ToGo
207565621,1314642807,20pc Spicy Feast Deal,Regular Buffalo Fries,Ranch Dip - Regular,Digital,WWT,ToGo
732962932,2865805634,Cheese Dip - Regular,4 pc Crispy Strips,10 pc Mixed Wings Combo,Digital,WWT,ToGo
4094095,5617228814,32 Oz Soda,15 pc Spicy Wings,8 pc Grilled Wings Combo,Digital,WWT,ToGo
306164952,5425933078,20pc Spicy Feast Deal,Ranch Dip - Large,32 Oz Soda,Digital,WWT,ToGo
419091636,3590087409,Ranch Dip - Regular,20 pc Grilled Wings,Regular Buffalo Fries,Digital,WWT,ToGo
551078661,5934553009,32 Oz Soda,Ranch Dip - Regular,20pc Spicy Feast Deal,Digital,WWT,ToGo
998888304,3267095901,20pc Spicy Feast Deal,Ranch Dip - Regular,10 pc Spicy Wings,Digital,WWT,ToGo
592779131,436976608,Flavor Platter,Honey Mustard Dip - Regular,Large Buffalo Fries,Digital,WWT,ToGo
61392693,7726011753,8 pc Grilled Wings Combo,Ranch Dip - Regular,Large Buffalo Fries,Digital,WWT,ToGo
600099766,9758880014,Cheese Fries - Regular,Add 5 Grilled Wings,20 pc Grilled Wings,Digital,WWT,ToGo
585127757,3479105977,2 pc Crispy Strips,50 pc Family Grilled Wings,Blue Cheese Dip - Regular,Digital,WWT,ToGo
315872883,9997036111,3 pc Crispy Strips Combo,Regular Buffalo Fries,6 pc Spicy Wings Combo,Digital,WWT,ToGo
582443666,7050848622,Ranch Dip - Regular,6 pc Spicy Wings Combo,8 pc Spicy Wings Combo,Digital,WWT,ToGo
453177201,5110319953,Ranch Dip - Regular,Buffalo Fries,Veggie Sticks,Digital,WWT,ToGo
413639953,7661948713,20 Oz Soda,4 pc Crispy Strips,Ranch Dip - Large,Digital,WWT,ToGo
226625217,2437964046,Chicken Sub,Ranch Dip - Regular,Voodoo Fries - Regular,Digital,WWT,ToGo
851865361,9758065139,Voodoo Fries - Regular,Add 5 Grilled Wings,Regular Buffalo Fries,Digital,WWT,ToGo
102254555,2969061832,10 pc Grilled Wings,Dipping Sauce,10 pc Spicy Wings,Digital,WWT,ToGo
774777520,7253572628,7 pc Crispy Strips,Ranch Dip - Large,Regular Buffalo Fries,Digital,WWT,ToGo
613517459,7701256547,6 pc Spicy Wings Combo,10 pc Spicy Wings Combo,Ranch Dip - Regular,Digital,WWT,ToGo
39120603,2128238633,6 pc Strips Meal for 2,6 pc Grilled Wings Combo,3 pc Crispy Strips Combo,Digital,WWT,ToGo
892801083,8102795135,Chicken Sub,Ranch Dip - Large,2 pc Crispy Strips,Digital,WWT,ToGo
325413043,8255233180,Ranch Dip - Regular,6 pc Grilled Wings Combo,Veggie Sticks Spicy,Digital,WWT,ToGo
880912854,504997448,Ranch Dip - Regular,20pc Spicy Feast Deal,15 pc Grilled Wings,Digital,WWT,ToGo
826216322,654242816,Chicken Sub Combo,Regular Buffalo Fries,2 pc Crispy Strips,Digital,WWT,ToGo
775405733,8606917174,Large Buffalo Fries,Ranch Dip - Large,Flavor Platter,Digital,WWT,ToGo
651773378,9942204227,10 pc Grilled Wings,Add 5 Spicy Wings,Regular Buffalo Fries,Digital,WWT,ToGo
319383187,4549933767,Veggie Sticks Spicy,Add 5 Spicy Wings,32 Oz Soda,Digital,WWT,ToGo
613098428,100707875,Add 5 Grilled Wings,Ranch Dip - Regular,32 Oz Soda,Digital,WWT,ToGo
207438648,7752535202,Voodoo Fries - Regular,15 pc Grilled Wings,20pc Spicy Feast Deal,Digital,WWT,ToGo
980677670,2338969583,3 pc Crispy Strips Combo,Chicken Sub,Honey Mustard Dip - Regular,Digital,WWT,ToGo
786217728,6264979153,10 pc Grilled Wings Combo,2 pc Crispy Strips,Honey Mustard Dip - Regular,Digital,WWT,ToGo
495899098,5300940866,Fried Corn - Regular,Ranch Dip - Regular,6 pc Grilled Wings Combo,Digital,WWT,ToGo
561885262,7548883793,Ranch Dip - Regular,8 pc Spicy Wings Combo,Fried Corn - Regular,Digital,WWT,ToGo
318802957,7931336805,Regular Buffalo Fries,Add 5 Spicy Wings,Ranch Dip - Regular,Digital,WWT,ToGo
979283408,6859778504,Blue Cheese Dip - Large,6 pc Spicy Wings Combo,10 pc Grilled Wings,Digital,WWT,ToGo
773016220,6161303699,15 pc Spicy Wings,10 pc Grilled Wings Combo,Regular Buffalo Fries,Digital,WWT,ToGo
904317520,2582945416,Veggie Sticks Spicy,Ranch Dip - Regular,Add 5 Spicy Wings,Digital,WWT,ToGo
316003435,6771265729,Large Buffalo Fries,Ranch Dip - Large,15 pc Spicy Wings,Digital,WWT,ToGo
234769976,5861180636,6 pc Grilled Wings Combo,10 pc Grilled Wings Combo,Regular Buffalo Fries,Digital,WWT,ToGo
675858813,4646163496,Veggie Sticks Spicy,Flavor Platter Grilled,32 Oz Soda,Digital,WWT,ToGo
588120401,7975469058,Ranch Dip - Large,7 pc Crispy Strips,Large Buffalo Fries,Digital,WWT,ToGo
835237849,5871015600,Ranch Dip - Regular,Chicken Sub Combo,2 pc Crispy Strips,Digital,WWT,ToGo
644858683,7731027861,8 pc Grilled Wings Combo,Fried Corn - Regular,Ranch Dip - Regular,Digital,WWT,ToGo
558379701,6964711185,Voodoo Fries - Regular,Ranch Dip - Regular,10 pc Spicy Wings,Digital,WWT,ToGo
201614230,3232224117,Ranch Dip - Regular,10 pc Grilled Wings,Fried Corn - Regular,Digital,WWT,ToGo
628321679,5290320068,2 pc Crispy Strips,Regular Buffalo Fries,20pc Spicy Feast Deal,Digital,WWT,ToGo
863412729,6903757839,Add 5 Spicy Wings,Ranch Dip - Regular,Large Buffalo Fries,Digital,WWT,ToGo
15280045,1335999970,Ranch Dip - Large,10 pc Grilled Wings,Regular Buffalo Fries,Digital,WWT,ToGo
187509020,3126638899,Ranch Dip - Large,Large Veggie Sticks Spicy,10 pc Grilled Wings Combo,Digital,WWT,ToGo
796345066,8314124932,30 pc Family Grilled Wings,Bottled Beverage,Voodoo Fries - Large,Digital,WWT,ToGo
372830728,9037830847,Regular Buffalo Fries,Ranch Dip - Regular,Chicken Sub Combo,Digital,WWT,ToGo
982571154,4018471819,Voodoo Fries - Regular,Ranch Dip - Regular,15 pc Spicy Wings,Digital,WWT,ToGo
537637808,3067951623,Triple Chocolate Cake,Ranch Dip - Regular,10 pc Spicy Wings,Digital,WWT,ToGo
349120107,8064804863,Ranch Dip - Regular,5 pc Crispy Strips Combo,6 pc Spicy Wings Combo,Digital,WWT,ToGo
956921041,3521923246,10 pc Spicy Wings,Regular Buffalo Fries,2 pc Crispy Strips,Digital,WWT,ToGo
466904802,582475633,2 pc Crispy Strips,Ranch Dip - Large,10 pc Grilled Wings,Digital,WWT,ToGo
295533231,364058812,20 Oz Soda,Regular Buffalo Fries,4 pc Crispy Strips,Digital,WWT,ToGo
454082373,2228417806,Add 5 Spicy Wings,Large Buffalo Fries,Add 5 Grilled Wings,Digital,WWT,ToGo
832505656,1288443627,6 pc Grilled Wings Combo,Dipping Sauce,10 pc Grilled Wings Combo,Digital,WWT,ToGo
185930917,2328284131,10 pc Grilled Wings Combo,Cheese Dip - Medium,6 pc Spicy Wings Combo,Digital,WWT,ToGo
959348163,3230242008,15 pc Grilled Wings,Add 5 Grilled Wings,Veggie Sticks,Digital,WWT,ToGo
201303452,8418896892,Regular Buffalo Fries,15 pc Spicy Wings,25 pc Game Day Pack,Digital,WWT,ToGo
621527888,1169552220,Regular Buffalo Fries,10 pc Grilled Wings,Chicken Sub Combo,Digital,WWT,ToGo
509600858,3984156844,Carrot Sticks,6 pc Spicy Wings Combo,Ranch Dip - Regular,Digital,WWT,ToGo
992317533,3178637520,Ranch Dip - Regular,2 pc Crispy Strips,Chicken Sub Combo,Digital,WWT,ToGo
224023134,1506149665,Ranch Dip - Large,Fried Corn - Regular,4 pc Crispy Strips,Digital,WWT,ToGo
143141042,4083250014,Blue Cheese Dip - Regular,Add 5 Spicy Wings,6 pc Grilled Wings Combo,Digital,WWT,ToGo
956181742,3191100978,10 pc Spicy Wings Combo,8 pc Spicy Wings Combo,Ranch Dip - Large,Digital,WWT,ToGo
643556151,1125870929,Fried Corn - Regular,3 Strips Lunch,Ranch Dip - Regular,Digital,WWT,ToGo
908925685,5518487619,Regular Buffalo Fries,Voodoo Fries - Regular,Ranch Dip - Regular,Digital,WWT,ToGo
461528687,2695669964,Blue Cheese Dip - Regular,8 pc Spicy Wings Combo,3 pc Crispy Strips Combo,Digital,WWT,ToGo
771427440,3481824376,6 pc Spicy Wings Combo,Ranch Dip - Regular,8 pc Grilled Wings Combo,Digital,WWT,ToGo
36758074,6700836606,Add 5 Spicy Wings,4 pc Crispy Strips,10 pc Spicy Wings Combo,Digital,WWT,ToGo
489864061,8104159505,Large Buffalo Fries,10 pc Spicy Wings,Blue Cheese Dip - Regular,Digital,WWT,ToGo
869215789,6217000779,Add 5 Spicy Wings,15 pc Grilled Wings Combo,Ranch Dip - Regular,Digital,WWT,ToGo
668766563,4663389596,Ranch Dip - Large,4 pc Crispy Strips,20pc Spicy Feast Deal,Digital,WWT,ToGo
188866032,4596703393,30 pc Grilled Wings,Veggie Sticks,4 pc Crispy Strips,Digital,WWT,ToGo
579796478,754466,Add 5 Grilled Wings,Chicken Sub Combo,10 pc Grilled Wings,Digital,WWT,ToGo
3278274,8502366372,20pc Spicy Feast Deal,Veggie Sticks,10 pc Grilled Wings,Digital,WWT,ToGo
447336467,813605760,20pc Spicy Feast Deal,Triple Chocolate Cake,10 pc Spicy Wings Combo,Digital,WWT,ToGo
470770942,7688986900,8 pc Grilled Wings Combo,6 pc Grilled Wings Combo,Chicken Sub,Digital,WWT,ToGo
466816276,8987301317,8 pc Grilled Wings Combo,Add 5 Grilled Wings,Veggie Sticks Spicy,Digital,WWT,ToGo
455532372,4930451767,Regular Buffalo Fries,Add 5 Grilled Wings,10 pc Spicy Wings,Digital,WWT,ToGo
477623891,3004367422,10 pc Grilled Wings Combo,2 pc Crispy Strips,6 pc Grilled Wings Combo,Digital,WWT,ToGo
989373485,7349043672,15 pc Grilled Wings Combo,Ranch Dip - Large,4 pc Crispy Strips,Digital,WWT,ToGo
321241436,9430655543,10 pc Grilled Wings,Ranch Dip - Regular,Triple Chocolate Cake,Digital,WWT,ToGo
89869785,7070938576,Large Veggie Sticks Spicy,100 pc Grilled Wings,Large Buffalo Fries,Digital,WWT,ToGo
532024877,6649206674,Large Buffalo Fries,Fried Corn - Large,Ranch Dip - Large,Digital,WWT,ToGo
531301037,5023345932,2 pc Crispy Strips,Chicken Sub,Ranch Dip - Large,Digital,WWT,ToGo
74869694,6515651298,Ranch Dip - Regular,Chicken Sub Combo,Add 5 Grilled Wings,Digital,WWT,ToGo
457051743,9638975026,10 pc Grilled Wings,Chicken Sub,Regular Buffalo Fries,Digital,WWT,ToGo
921102716,7063681070,Add 5 Grilled Wings,Ranch Dip - Regular,8 pc Mixed Wings Combo,Digital,WWT,ToGo
298157762,3568402181,Ranch Dip - Regular,4 pc Crispy Strips,Regular Buffalo Fries,Digital,WWT,ToGo
854699078,1993968736,Large Buffalo Fries,Ranch Dip - Large,30 pc Spicy Wings,Digital,WWT,ToGo
976936767,3734776068,8 pc Grilled Wings Combo,6 pc Grilled Wings Combo,10 pc Grilled Wings Combo,Digital,WWT,ToGo
673522487,8717250067,Add 5 Spicy Wings,2 pc Crispy Strips,20pc Spicy Feast Deal,Digital,WWT,ToGo
921428338,7694666875,20pc Spicy Feast Deal,20 Oz Soda,Ranch Dip - Large,Digital,WWT,ToGo
490824729,7521247025,6 pc Grilled Wings Combo,Ranch Dip - Regular,2 pc Crispy Strips,Digital,WWT,ToGo
328652227,5003789272,6 pc Spicy Wings Combo,Ranch Dip - Regular,6 pc Grilled Wings Combo,Digital,WWT,ToGo
644994268,7237130974,Ranch Dip - Regular,6 pc Grilled Wings Combo,Large Buffalo Fries,Digital,WWT,ToGo
804888020,8847253260,30 pc Family Mixed Wings,Fried Corn - Regular,2 pc Crispy Strips,Digital,WWT,ToGo
980349682,2660543173,Regular Buffalo Fries,Ranch Dip - Large,30 pc Mixed Wings,Digital,WWT,ToGo
649576579,6219663862,4 pc Crispy Strips,8 pc Mixed Wings Combo,Ranch Dip - Regular,Digital,WWT,ToGo
830846441,3553842011,Ranch Dip - Regular,8 pc Grilled Wings Combo,2 pc Crispy Strips,Digital,WWT,ToGo
305663291,7139756497,10 pc Grilled Wings,Chicken Sub Combo,Add 5 Spicy Wings,Digital,WWT,ToGo
892084563,8800574599,Add 5 Spicy Wings,Ranch Dip - Regular,Chicken Sub Combo,Digital,WWT,ToGo
430033350,207570796,Ranch Dip - Regular,20 pc Grilled Wings,Large Buffalo Fries,Digital,WWT,ToGo
912280403,5112384203,50 pc Family Grilled Wings,Add 5 Spicy Wings,50 pc Family Spicy Wings,Digital,WWT,ToGo
23776024,3423105195,Fried Corn - Large,Large Buffalo Fries,Ranch Dip - Regular,Digital,WWT,ToGo
220743169,3708002454,50 pc Grilled Wings,8 pc Grilled Wings Combo,Large Buffalo Fries,Digital,WWT,ToGo
756957513,7158018434,3 pc Crispy Strips Combo,Chicken Sub,30 pc Family Grilled Wings,Digital,WWT,ToGo
298779248,4907599393,Dipping Sauce,10 pc Grilled Wings Combo,Chicken Sub Combo,Digital,WWT,ToGo
338053653,6111921688,Dipping Sauce,6 pc Spicy Wings Combo,10 pc Grilled Wings,Digital,WWT,ToGo
249975012,5559459151,75 pc Mixed Wings,Large Veggie Sticks Spicy,Ranch Dip - Large,Digital,WWT,ToGo
971762094,7114189708,Flavor Platter,15 pc Grilled Wings,Ranch Dip - Regular,Digital,WWT,ToGo
403747100,5831876998,Large Buffalo Fries,30 pc Grilled Wings,2 pc Crispy Strips,Digital,WWT,ToGo
9625702,6823197622,10 pc Spicy Wings Combo,20 Oz Soda,Ranch Dip - Regular,Digital,WWT,ToGo
707627671,6389477181,Blue Cheese Dip - Regular,10 pc Mixed Wings Combo,7 pc Crispy Strips,Digital,WWT,ToGo
162827602,2648256571,10 pc Spicy Wings,10 pc Mixed Wings,Ranch Dip - Regular,Digital,WWT,ToGo
805293667,9902014732,Chicken Sub Combo,Chicken Sub,Ranch Dip - Regular,Digital,WWT,ToGo
613701114,5064032494,10 pc Spicy Wings,8 pc Grilled Wings Combo,20pc Spicy Feast Deal,Digital,WWT,ToGo
862105830,9211205202,Ranch Dip - Regular,Fried Corn - Large,Veggie Sticks Spicy,Digital,WWT,ToGo
12439838,8937547304,15 pc Grilled Wings,Flavor Platter,Ranch Dip - Regular,Digital,WWT,ToGo
923816275,4339324424,20 pc Mixed Wings,Regular Buffalo Fries,3 pc Crispy Strips Combo,Digital,WWT,ToGo
396032493,7120969695,30 pc Grilled Wings,Regular Buffalo Fries,Ranch Dip - Large,Digital,WWT,ToGo
528875799,518249569,7 pc Crispy Strips,6 pc Grilled Wings Combo,Regular Buffalo Fries,Digital,WWT,ToGo
259220127,5210918158,8 pc Grilled Wings Combo,Add 5 Spicy Wings,Ranch Dip - Regular,Digital,WWT,ToGo
10057768,6136689813,Honey Mustard Dip - Large,15 pc Spicy Wings,Chicken Sub,Digital,WWT,ToGo
217697136,4690656538,10 pc Spicy Wings,Fried Corn - Regular,Hot Honey Strips 3pc,Digital,WWT,ToGo
389026197,4779418228,Veggie Sticks Spicy,10 pc Grilled Wings Combo,10 pc Spicy Wings,Digital,WWT,ToGo
526688529,1785474447,Large Buffalo Fries,Veggie Sticks Spicy,2 pc Crispy Strips,Digital,WWT,ToGo
814266685,2672940831,10 pc Grilled Wings Combo,3 pc Crispy Strips Combo,Chicken Sub,Digital,WWT,ToGo
926363931,5365141642,10 pc Spicy Wings,Voodoo Fries - Regular,Ranch Dip - Regular,Digital,WWT,ToGo
401693034,3719443685,2 pc Crispy Strips,Blue Cheese Dip - Regular,5 pc Crispy Strips Combo,Digital,WWT,ToGo
704599158,9664042351,4 pc Crispy Strips,Ranch Dip - Large,20 Oz Soda,Digital,WWT,ToGo
98411953,4591227581,Cheese Dip - Medium,8 pc Grilled Wings Combo,6 pc Spicy Wings Combo,Digital,WWT,ToGo
303243091,6697547638,Dipping Sauce,Large Buffalo Fries,Veggie Sticks Spicy,Digital,WWT,ToGo
510701340,3066847925,Ranch Dip - Regular,Large Buffalo Fries,Fried Corn - Large,Digital,WWT,ToGo
929818566,1183994281,Add 5 Spicy Wings,Ranch Dip - Regular,Chicken Sub Combo,Digital,WWT,ToGo
257820405,716660539,6 pc Mixed Wings Combo,6 pc Spicy Wings Combo,6 pc Grilled Wings Combo,Digital,WWT,ToGo
465728024,6629051234,Regular Buffalo Fries,10 pc Grilled Wings Combo,20pc Spicy Feast Deal,Digital,WWT,ToGo
426291089,9876206587,Chicken Sub,Flavor Platter,Large Fruit Punch,Digital,WWT,ToGo
143729848,4578851950,Large Buffalo Fries,Chicken Sub Combo,Ranch Dip - Regular,Digital,WWT,ToGo
865596343,1099699387,2 pc Crispy Strips,32 Oz Soda,20pc Spicy Feast Deal,Digital,WWT,ToGo
202529584,2488425435,2 pc Crispy Strips,Regular Buffalo Fries,6 pc Strips Meal for 2,Digital,WWT,ToGo
984945545,3807612147,20 pc Grilled Wings,Ranch Dip - Regular,Regular Buffalo Fries,Digital,WWT,ToGo
669937324,1324672225,Blue Cheese Dip - Regular,10 pc Spicy Wings,15 pc Grilled Wings,Digital,WWT,ToGo
43308124,3224322137,15 pc Grilled Wings,Ranch Dip - Regular,10 pc Grilled Wings Combo,Digital,WWT,ToGo
893883984,2080439382,Veggie Sticks Spicy,Ranch Dip - Regular,Add 5 Spicy Wings,Digital,WWT,ToGo
199551661,5790578362,Chicken Sub Combo,10 pc Grilled Wings,Chicken Sub,Digital,WWT,ToGo
324907688,371107248,10 pc Grilled Wings Combo,Veggie Sticks Spicy,8 pc Grilled Wings Combo,Digital,WWT,ToGo
688871063,7519184133,Fried Corn - Regular,Flavor Platter,Ranch Dip - Regular,Digital,WWT,ToGo
529892223,8800902863,Regular Buffalo Fries,Ranch Dip - Regular,Legendary Feast Bundle,Digital,WWT,ToGo
986902731,2611475190,Regular Buffalo Fries,Ranch Dip - Regular,20 pc Spicy Wings,Digital,WWT,ToGo
